title,price,link_item,discount,sales,item_list,category,revenue
Điện thoại bàn Ktel 645 hàng chính hãng,398000,https://tiki.vn/dien-thoai-ban-ktel-645-hang-chinh-hang-p170165701.html?spid=170165703,,54.0,dienthoaiban,dienthoai,21492000.0
Điện thoại bàn Panasonic KX-TGF310 hàng chính hãng,2250000,https://tka.tiki.vn/pixel/pixel?data=dqHbmSgN6asaV-aexakylvaFBinkDD9US6qAzVSE8A6pbv7sDnZAuuoJpvIt1Oen3pSvcNhR0oJn89ce7AT-YYQ-ub2x9YU6oYUGxEd2dfx9-eXOdJof1RcEai8oi8cBIqcQbBscjSwlVqx4eBwBeBOhc6wYqPmVQq8YHawuwTMZ4KFGC2wZu29I4vjlbDVyyD3IDsuY0iwCBJ6U9agpSpz_alpkx667_hFJlz-gReuLDndlLV_txqmwFJT9dRaDWHGC-6R2iBq7Az9zc5Fpj2VFWjG2taiCqWeA385pEASJj9tc3hlUpBrHojAIZU6mvk5nMIjMpZHahyU-skA7eXDDDC7rB_tAL2Yn_Otjse52wIUSHsAdpOVBBgC8wvfb3oCkE7vLqody2gWxf0DHty6kmrbJWMC7LNAoXQd5Y2YvWIoYnI2OUiSZPFsLma8V9RnTitq8fXtO6YOhvwUPVOug3EUJAbl982rnGNAETAqr9FtCmzqOdfHYgc8lh8gXVgNScfhsA6OoBPU0_Oj4YfAsL73YU0MlnzkLPT5HfU_QSae_pR1c7Jn3BUSsTJ6GsJYVd7GaRz1JnGmY7Up0BR2iBrF-H9zSTXWsuW7qtx9p8e6zve0ZFYlrXdK0UAMP5BVomcidT1YAWRHD20PQnPJdNvRRguzkQiTJxeCZIVzbSfNAU_aWOLNmTUeNOkeUBY7d9Ye1Cdbgy5IMKJxxdGOawLRzIr_tXbJaRYyzMHu64rTVxz7nRPPnkZqayhmNgkSuLMcdSYy7RaAK71xXZD8f9PBE2lqNzwsIL9qdPShPrjrZyf4IMmUAtGDXFnfiozz-nLAy5c-tP3UYBHeNUZsdKJMik18ikQgRsQVErLg0wY8sVFt-qazS069lliBLU84ciFEIRmPXZ-bghFfMwT2r1pQBEbB2cT9PkzPqkoatZHxxTY3h-_l5gebaQHhs4lJC99jfp2f5CZbhobi95zc85AlndjSHOpJwUJt4UzA1jJfU08A1s7er_w3aDxVsNUNJ34mTeJn1ejiG1TABJYvyeo7_6aVMpd13aZi4_eewqbfwH920k7ZV9Q&reqid=hf4mr8kl7a3X3dd1&type=CLICK&pos=41,,34.0,dienthoaiban,dienthoai,76500000.0
Điện thoại bàn Panasonic KX-TS500MX-hàng chính hãng,300000,https://tka.tiki.vn/pixel/pixel?data=c7WFOolMtzlWNZGPNU0-57lzWbiSbwFgsYuAQFUYp-8_GnVMQneE6uxVzhncgTaBg_YD5B2qbOU2uQ2nT47Eq7FdcvSxqHd65wSBVnPV0h0sy26Ser_3o7_i9bXMivbG-C1fD1jLFBo19p47rXngur94wTZuknbQTCpu3q7h63bAd56fZJnkBPiX6NpswCoLZiPLYcFgiwlUasBIjMswSZ3-NAIT90ia-2U_lqNb2l6sygm04GOwb26qunNUsf7s8cxUU65lMTWNiiFyink2-HfTs69165oELKfgrTgmiON5wwhhDYgL6BooTVk29n7PXWA_uW4d4VEHNTYQIvhWqJlTZkvWtk_Zy8tqkQNPW0I4VeRkCm7abQvjAwr3lcXVF77rXgm3xXfzyts70bMY-AZvnsXu4XL9CMhLhIVU9kpfJJOj4XL1U5MP9ISDX3Z4e9g-TlZeKCFILrF_fbelC96RbYOSU5zBtGSkRLxJpWcStWL20dVpUZm4ylvzgKlOFPRbzJ5MyiRvwH1HnIqgQpaRMRofWI-uMsEq1BV9qLUR2ENVI1-c83MjL5c0cPqFnMuc78yTac3Knxts7Q5BL5w2SDwfQ1Z0fsI_gV9Iyz7L2PaHVUcaecypzuCnGSymzEPVwhOOpE3czWAUCRuQ4I4egmH9j2uJ1c3Q4ZcfETCYCICeyzwnKYro3OtO_incE5nk8J87kQTmefB8uYA9nYWTVm-97zvaN-4nYfPs7rvf2-bsX6Sj8p-HpWlQxSAY7czHCWwp5AnVkvr1OoBIBKcGvmUzv77kHlWgCxdmIadbUXim5-wMb8uuqbjCmEEamlkyxPKcwBMUqBirfbPbMk-dtcSOwVviJLGwNCpQzVClXFyXYgnOjC0YhxmMzf8OjHkTsM4-dHRxTx-CdHI6k7gp9rsmjrD9iextOurJ-wMVDl4cZrYwX6ui50pv-sj_qqzFXPG0sHu20FJ9PC2P0dvNEUoKnimtn1EL5nUx68baagTfe7YS0wAgt6cZ9sDEJeuTt5kVOc8RHebLmlLLrbsJm6Gff3qXiK0eEJRcGw&reqid=hf4mr8kl7a3X3dd1&type=CLICK&pos=42,,820.0,dienthoaiban,dienthoai,246000000.0
Điện Thoại Bàn Panasonic KX-TSC11 - Hàng Chính Hãng,588000,https://tka.tiki.vn/pixel/pixel?data=zUC2QweYQYwH33BxsmosJkK2imHqy-y1iCHo1RhUr-Z5pSnw--LJVsN9jX7UZwz5PGGmmGcNzpDkKaYMfFCXO4GfsSRJIf-3SsnCZM3epRFE4UW0TWg9om9iZzrb-Ci340QxapidfrnSDcBcioGuCVDr7YLZtME2l2kcWjGaEdIcx15XNgAui5G5BzHeXf8JuaIQBvjVKSPkNAWtEIXDcqRYuuenqoQr87HLafNqQyCog0byOGRSSZcjMnNpk8Yc6uDwo0pqGkqsBnWCebtUUvtYAhK6dODEB6PhIRYBxDH3vfS5AsgObSe6C7kKApxySHm9ut11YdNR-73NoXi7O-S0a86mfQzNj9H2-a_OkCp9_6w8TRbMAwA8HS9--vYlX0x4ERKBBCDpao_7ImfKlK87c_H_9QHnsNM-in2g5awfGLCBBbS-XD_mcKpL0fAIgGiJ2fguFoS9yFSP5iWP2AV8mSioEXzh-6I-2Cp1AJm-7Lj4gfA32jWiQmb6se_-o03rd1EFkA3b366duN4OYPk-vnAAVpTKMLRvho2WOtK02K-BPc73O2rALMbiJlBfcK9YcZqnphsqhllmcJftuinr79TGf2DqQrAHN22B5de1WcgnML_VtEFFXqMRbPGKFuSEZPY88CqV_UwqN1k2wxE80Bz7RSwuQHiusJmyC_1HdeCC93aSMn3Brr9_p-2OIhIv0tfTRZK38bCvF0XVPdaU7umhXCeMwrOx_h4K3Cg0-njo9Ap5GtT5P3_anoDuJcrGFAiQPC0Gv3m-VsgKzljxs5JrsAY1r2Yq80OUQf2ZtGbvBnyFBAKP7LFj2PmG1BIDZfXqOvOnb4Dp_YRFRo1nfaq-2NDCSOvwofQVRN3rUK_-pCKWch4B92lhwRd__y024hKjGqyy7qCbHKqXm1Grd6bsxgcUDh7agKZ_aiGOZ8DQHx0vOrFT0kBIy_lFR8z9VjyuvHXlc21xfbJ6XlbAM27WHGfxZ0PVyXjK4wO_fe9GLIEyeGNTT3nY3H7ihuOk0YiI4e75MOBgG_gHZDax0TWhUmUlw1IuaU8Wn2_8b5zMGqAWHH6O&reqid=hf4mr8kl7a3X3dd1&type=CLICK&pos=43,,246.0,dienthoaiban,dienthoai,144648000.0
Điện thoại bàn không dây Panasonic KX-TGD310 - Hàng Chính Hãng,1280000,https://tiki.vn/dien-thoai-ban-khong-day-panasonic-kx-tgd310-hang-chinh-hang-p11251770.html?spid=53559078,,18.0,dienthoaiban,dienthoai,23040000.0
"Điện thoại để bàn tân cổ điển phím quay cao cấp DT14, Lắp sim di động, nghe gọi rất tốt",4200000,https://tiki.vn/dien-thoai-de-ban-tan-co-dien-phim-quay-cao-cap-dt14-p263076992.html?spid=72217401,,4.0,dienthoaiban,dienthoai,16800000.0
Điện thoại bàn màu đỏ KXT438,215000,https://tiki.vn/die-n-thoa-i-ba-n-ma-u-do-kxt438-p55197731.html?spid=55197732,,50.0,dienthoaiban,dienthoai,10750000.0
Điện thoại Panasonic KX-TS520MX - Trắng - Hàng chính hãng,450000,https://tiki.vn/dien-thoai-panasonic-kx-ts520mx-trang-hang-chinh-hang-p113475741.html?spid=113475742,,8.0,dienthoaiban,dienthoai,3600000.0
Điện thoại để bàn Panasonic KX-TS880 hàng chính hãng,1250000,https://tiki.vn/dien-thoai-de-ban-panasonic-kx-ts880-hang-chinh-hang-p16521748.html?spid=43336431,,3.0,dienthoaiban,dienthoai,3750000.0
Điện thoại bàn Panasonic KX-TS580 hàng chính hãng,999000,https://tiki.vn/dien-thoai-ban-panasonic-kx-ts580-hang-chinh-hang-p170727305.html?spid=185711237,,1.0,dienthoaiban,dienthoai,999000.0
Điện thoại bàn không dây Panasonic KX-TGC313 - Hàng Chính Hãng,2100000,https://tiki.vn/dien-thoai-ban-khong-day-panasonic-kx-tgc313-hang-chinh-hang-p23142193.html?spid=53536558,,14.0,dienthoaiban,dienthoai,29400000.0
ĐIỆN THOẠI CỐ ĐỊNH PANASONIC KX-TS580MX,940000,https://tiki.vn/dien-thoai-co-dinh-panasonic-kx-ts580mx-hang-chinh-hang-p11415485.html?spid=53635663,,28.0,dienthoaiban,dienthoai,26320000.0
"Điện thoại bàn cổ điển, điện thoại bàn tân cổ điển, DT122",2200000,https://tiki.vn/dien-thoai-ban-co-dien-dien-thoai-ban-tan-co-dien-dt122-p52481412.html?spid=111520049,,2.0,dienthoaiban,dienthoai,4400000.0
Điện thoại bàn không dây Panasonic KX-TGF320 - Hàng Chính Hãng,2500000,https://tiki.vn/dien-thoai-ban-khong-day-panasonic-kx-tgf320-hang-chinh-hang-p11110653.html?spid=53559897,,21.0,dienthoaiban,dienthoai,52500000.0
Điện thoại để bàn tân cổ điển phím quay DT11,3500000,https://tiki.vn/dien-thoai-de-ban-tan-co-dien-phim-quay-dt11-p257861524.html?spid=257861527,,1.0,dienthoaiban,dienthoai,3500000.0
Điện thoại để bàn Panasonic KX-TS880 hàng chính hãng,1060000,https://tiki.vn/dien-thoai-de-ban-panasonic-kx-ts880-hang-chinh-hang-p192694043.html?spid=53635751,,13.0,dienthoaiban,dienthoai,13780000.0
Điện thoại bàn Panasonic KX-TS560 hàng chính hãng,688000,https://tiki.vn/dien-thoai-ban-panasonic-kx-ts560-hang-chinh-hang-p170727266.html?spid=170727270,,48.0,dienthoaiban,dienthoai,33024000.0
Điện thoại để bàn tân cổ điển phím quay DT15,3900000,https://tiki.vn/dien-thoai-de-ban-tan-co-dien-phim-quay-dt15-p257866809.html?spid=72194097,,4.0,dienthoaiban,dienthoai,15600000.0
Điện thoại IP Grandstream GRP 2601 hàng chính hãng,880000,https://tiki.vn/dien-thoai-ip-grandstream-grp-2601-hang-chinh-hang-p198868735.html?spid=198868736,,2.0,dienthoaiban,dienthoai,1760000.0
Điện thoại bàn có dây Panasonic KX-TS560MX,730000,https://tiki.vn/dien-thoai-ban-co-day-panasonic-kx-ts560mx-hang-chinh-hang-p11376644.html?spid=131391454,,12.0,dienthoaiban,dienthoai,8760000.0
Điện Thoại Bàn Panasonic KXTGF320CX - Hàng Chính Hãng,2350000,https://tiki.vn/dien-thoai-ban-panasonic-kxtgf320cx-hang-chinh-hang-p4065607.html?spid=77768129,,9.0,dienthoaiban,dienthoai,21150000.0
Điện thoại Panasonic KX-TS560MX -Hàng chính hãng,675000,https://tiki.vn/dien-thoai-panasonic-kx-ts560mx-hang-chinh-hang-p117929538.html?spid=117929539,,6.0,dienthoaiban,dienthoai,4050000.0
Điện thoại Panasonic KX-TGC313CX -Hàng chính hãng,1949000,https://tiki.vn/dien-thoai-panasonic-kx-tgc313cx-hang-chinh-hang-p118124199.html?spid=118124200,,1.0,dienthoaiban,dienthoai,1949000.0
Điện thoại để bàn tân cổ điển chuông thanh bàn phím quay mã DT10 dùng sim di động hoặc dùng cáp nghe gọi âm thanh rõ ràng và để trang trí (điện thoại bàn tân cổ điển),2320000,https://tiki.vn/dien-thoai-de-ban-tan-co-dien-chuong-thanh-ban-phim-quay-ma-dt10-dung-sim-di-dong-hoac-dung-cap-nghe-goi-am-thanh-ro-rang-va-de-trang-tri-dien-thoai-ban-tan-co-dien-p54882670.html?spid=55089791,,7.0,dienthoaiban,dienthoai,16240000.0
Điện Thoại Nokia 110 4G Pro TA-1559 - Hàng Chính Hãng,690000,https://tiki.vn/dien-thoai-nokia-110-4g-pro-ta-1559-hang-chinh-hang-p270471101.html?spid=270471105,-3%,97.0,dienthoaiphothong,dienthoai,66930000.0
Điện Thoại Nokia 105 4G Pro TA-1538 - Hàng Chính Hãng,650000,https://tiki.vn/dien-thoai-nokia-105-4g-pro-ta-1538-hang-chinh-hang-p270471106.html?spid=270471110,-4%,162.0,dienthoaiphothong,dienthoai,105300000.0
Điện thoại di động Vtel E10 4G – Hàng Chính Hãng,309000,https://tiki.vn/dien-thoai-di-dong-vtel-e10-4g-hang-chinh-hang-p197907038.html?spid=197907042,-23%,139.0,dienthoaiphothong,dienthoai,42951000.0
Điện thoại Mobell M239 4G - 2 SIM - Hàng chính hãng,439000,https://tiki.vn/dien-thoai-mobell-m239-4g-2-sim-hang-chinh-hang-p200829966.html?spid=200829984,-12%,19.0,dienthoaiphothong,dienthoai,8341000.0
Điện thoại di động Vtel E10 4G – Hàng Chính Hãng,301000,https://tiki.vn/dien-thoai-di-dong-vtel-e10-4g-hang-chinh-hang-p197905982.html?spid=197905988,-25%,99.0,dienthoaiphothong,dienthoai,29799000.0
Điện thoại Nokia 105 4G - Hàng chính hãng,690000,https://tiki.vn/dien-thoai-nokia-105-4g-hang-chinh-hang-p125753291.html?spid=125753292,-3%,19.0,dienthoaiphothong,dienthoai,13110000.0
Điện thoại Nokia 110 4G - Hàng chính hãng,850000,https://tiki.vn/dien-thoai-nokia-110-4g-hang-chinh-hang-p191474322.html?spid=191474326,-29%,8.0,dienthoaiphothong,dienthoai,6800000.0
Điện thoại Nokia 215 4G - Hàng chính hãng,930000,https://tiki.vn/dien-thoai-nokia-215-4g-hang-chinh-hang-p125753599.html?spid=125753603,-29%,20.0,dienthoaiphothong,dienthoai,18600000.0
Điện Thoại Nokia 8210 4G - Hàng Chính Hãng,1539000,https://tiki.vn/dien-thoai-nokia-8210-4g-hang-chinh-hang-p212924392.html?spid=212924394,-10%,18.0,dienthoaiphothong,dienthoai,27702000.0
Điện thoại Masstel Lux 20 4G - Sang trọng - Gọi HD Call - Hàng chính hãng,567000,https://tiki.vn/dien-thoai-masstel-lux-20-4g-sang-trong-goi-hd-call-hang-chinh-hang-p197652030.html?spid=197652032,-13%,23.0,dienthoaiphothong,dienthoai,13041000.0
"Điện thoại Masstel Play 10 4G Thiết kế hầm hố,Khung viền kim loại - Hàng chính hãng",569000,https://tiki.vn/dien-thoai-masstel-play-10-4g-thiet-ke-ham-ho-khung-vien-kim-loai-hang-chinh-hang-p212261734.html?spid=212261736,-21%,25.0,dienthoaiphothong,dienthoai,14225000.0
Điện thoại Itel it9200 4G - Hàng chính hãng,590000,https://tiki.vn/dien-thoai-itel-it9200-4g-hang-chinh-hang-p84757299.html?spid=84757300,-15%,2.0,dienthoaiphothong,dienthoai,1180000.0
Điện thoại Nokia 8210 4G - Hàng chính hãng - pin lâu - Bàn phím nút giá rẻ chỉ có tại Long Tâm Store,1431000,https://tiki.vn/dien-thoai-nokia-8210-4g-hang-chinh-hang-pin-lau-ban-phim-nut-gia-re-chi-co-tai-long-tam-store-p252073151.html?spid=253069735,-15%,3.0,dienthoaiphothong,dienthoai,4293000.0
"Điện thoại Mobell Rock 4 4G , Pin 3250mah , Loa Siêu lớn - Hàng chính hãng",699000,https://tiki.vn/dien-thoai-mobell-rock-4-4g-pin-3250mah-loa-sieu-lon-hang-chinh-hang-p200819471.html?spid=200819481,-29%,26.0,dienthoaiphothong,dienthoai,18174000.0
Điện thoại Nokia 105 4G - chính hãng - Đen,690000,https://tiki.vn/dien-thoai-nokia-105-4g-hang-chinh-hang-den-p171685825.html?spid=171685826,-1%,9.0,dienthoaiphothong,dienthoai,6210000.0
"Điện thoại Masstel IZI 50 4G , Pin 1700 mah - Hàng chính hãng",431000,https://tiki.vn/dien-thoai-masstel-izi-50-4g-pin-1700-mah-hang-chinh-hang-p167465856.html?spid=167465859,-3%,14.0,dienthoaiphothong,dienthoai,6034000.0
Điện thoại Masstel FAMI 60 4G Pin 2000 mah - Hàng chính hãng,636000,https://tiki.vn/dien-thoai-masstel-fami-60-4g-pin-2000-mah-hang-chinh-hang-p167466044.html?spid=167466046,-23%,51.0,dienthoaiphothong,dienthoai,32436000.0
Điện thoại Masstel izi 56 4G (pin trâu-loa chữ to rõ) - Hàng Chính Hãng,687000,https://tiki.vn/dien-thoai-masstel-izi-56-4g-pin-trau-loa-chu-to-ro-hang-chinh-hang-p251772653.html?spid=261810495,-3%,1.0,dienthoaiphothong,dienthoai,687000.0
Điện thoại Masstel Izi 20 - Hàng chính hãng,512000,https://tiki.vn/dien-thoai-masstel-izi-20-hang-chinh-hang-p224186586.html?spid=261810475,-5%,1.0,dienthoaiphothong,dienthoai,512000.0
Điện thoại di động ITEL 9210 4G - Hàng Chính Hãng,594150,https://tiki.vn/dien-thoai-di-dong-itel-9210-4g-chinh-hang-gia-re-p252073258.html?spid=252073260,-10%,6.0,dienthoaiphothong,dienthoai,3564900.0
Điện thoại itel it9200 4G - WIFI - Hàng chính hãng,563000,https://tiki.vn/dien-thoai-itel-it9200-4g-wifi-hang-chinh-hang-p181452535.html?spid=181452537,-23%,118.0,dienthoaiphothong,dienthoai,66434000.0
Nokia 5710 XpressAudio | Hàng Chính Hãng,1504899,https://tiki.vn/nokia-5710-xpressaudio-gia-re-chinh-hang-gia-tot-p252072952.html?spid=252072956,-26%,3.0,dienthoaiphothong,dienthoai,4514697.0
Điện thoại Nokia 110 4G - Hàng chính hãng,740000,https://tiki.vn/dien-thoai-nokia-110-4g-hang-chinh-hang-p125753416.html?spid=125753418,-14%,21.0,dienthoaiphothong,dienthoai,15540000.0
Điện Thoại Nokia 110 4G Pro - Hàng Chính Hãng,689000,https://tiki.vn/dien-thoai-nokia-110-4g-pro-hang-chinh-hang-p271234313.html?spid=271234322,-20%,1.0,dienthoaiphothong,dienthoai,689000.0
Điện thoại Masstel Lux 10 4G - Sang trọng - Gọi HD Call - Hàng chính hãng,538000,https://tiki.vn/dien-thoai-masstel-lux-10-4g-sang-trong-goi-hd-call-hang-chinh-hang-p197960169.html?spid=197960191,-27%,15.0,dienthoaiphothong,dienthoai,8070000.0
Điện Thoại Nokia 110 4G - Hàng Chính Hãng,689000,https://tiki.vn/dien-thoai-nokia-110-4g-hang-chinh-hang-p191089547.html?spid=232582538,-5%,5.0,dienthoaiphothong,dienthoai,3445000.0
Điện Thoại Suntek Voga V1 - Hàng Chính Hãng,1990000,https://tiki.vn/dien-thoai-suntek-voga-v1-hang-chinh-hang-p7447383.html?spid=7590984,,4.0,dienthoaiphothong,dienthoai,7960000.0
Điện thoại Masstel izi 26 4G - Gọi HD Call - Hàng chính hãng,479000,https://tiki.vn/dien-thoai-masstel-izi-26-4g-goi-hd-call-hang-chinh-hang-p197654695.html?spid=197654698,,13.0,dienthoaiphothong,dienthoai,6227000.0
Điện thoại Masstel IZI 10 4G - Hàng chính hãng,429000,https://tiki.vn/dien-thoai-masstel-izi-10-4g-hang-chinh-hang-p167465209.html?spid=167465308,,27.0,dienthoaiphothong,dienthoai,11583000.0
"Điện thoại Masstel Izi 25 4G Pin siêu khỏe, Gọi HD call- Hàng chính hãng",479000,https://tiki.vn/dien-thoai-masstel-izi-25-4g-pin-sieu-khoe-goi-hd-call-hang-chinh-hang-p197651936.html?spid=197651943,,9.0,dienthoaiphothong,dienthoai,4311000.0
Điện thoại Masstel Fami 65 4G - Tặng dock sạc - Gọi HD Call - Hàng chính hãng,655000,https://tiki.vn/dien-thoai-masstel-fami-65-4g-tang-dock-sac-goi-hd-call-hang-chinh-hang-p197666071.html?spid=197666077,,16.0,dienthoaiphothong,dienthoai,10480000.0
"Điện thoại Masstel IZI 20 4G , Pin 1700 mAh - Hàng chính hãng",480000,https://tiki.vn/dien-thoai-masstel-izi-20-4g-pin-1700-mah-hang-chinh-hang-p167465704.html?spid=167465706,,30.0,dienthoaiphothong,dienthoai,14400000.0
Điện Thoại Forme D888 - Hàng Chính Hãng,531000,https://tiki.vn/dien-thoai-forme-d888-hang-chinh-hang-p200816374.html?spid=200816378,,5.0,dienthoaiphothong,dienthoai,2655000.0
Điện Thoại Masstel Fami 12- Hàng Chính Hãng,539100,https://tiki.vn/dien-thoai-masstel-fami-12-hang-chinh-hang-p249287176.html?spid=249287179,,2.0,dienthoaiphothong,dienthoai,1078200.0
Điện thoại di động Nokia 105 4G Pro - Hàng chính hãng,664050,https://tiki.vn/dien-thoai-di-dong-nokia-105-4g-pro-chinh-hang-gia-re-p271368354.html?spid=271368356,,1.0,dienthoaiphothong,dienthoai,664050.0
Điện thoại Nokia 105 4G - Hàng chính hãng,669000,https://tiki.vn/dien-thoai-nokia-105-4g-hang-chinh-hang-p168526284.html?spid=168526304,-13%,20.0,dienthoaiphothong,dienthoai,13380000.0
Điện Thoại Di Động Forme D111 4G - Hàng Chính Hãng,413100,https://tiki.vn/dien-thoai-di-dong-forme-d111-hang-chinh-hang-p215135773.html?spid=221273544,-10%,2.0,dienthoaiphothong,dienthoai,826200.0
Điện thoại Mobell M239 - Hàng chính hãng,396018,https://tiki.vn/dien-thoai-co-ban-danh-cho-nguoi-cao-tuoi-hieu-mobell-m239-hang-chinh-hang-gia-re-mau-sac-da-dang-do-xanh-den-p252073056.html?spid=252675796,,1.0,dienthoaiphothong,dienthoai,396018.0
Điện thoại hiệu Masstel Fami 60 - Hàng chính hãng - Giá rẻ - hỗ trợ 4G - dành cho người lớn tuổi,629100,https://tiki.vn/dien-thoai-hieu-masstel-fami-60-hang-chinh-hang-gia-re-ho-tro-4g-danh-cho-nguoi-lon-tuoi-p252073013.html?spid=252073019,,1.0,dienthoaiphothong,dienthoai,629100.0
Điện thoại di động Masstel Izi 30 (new) - Hàng chính hãng,539100,https://tiki.vn/dien-thoai-di-dong-masstel-izi-30-new-hang-chinh-hang-p263117493.html?spid=263117501,,1.0,dienthoaiphothong,dienthoai,539100.0
Điện thoại Nokia 105 4G Pro - Hàng chính hãng,680000,https://tiki.vn/dien-thoai-nokia-105-4g-pro-hang-chinh-hang-p270512785.html?spid=270512789,-31%,2.0,dienthoaiphothong,dienthoai,1360000.0
"Điện thoại Mobell F209 4G ,Loa to, Phím lớn - Hàng chính hãng",569000,https://tiki.vn/dien-thoai-mobell-f209-4g-loa-to-phim-lon-hang-chinh-hang-p217276360.html?spid=217276362,,5.0,dienthoaiphothong,dienthoai,2845000.0
Điện Thoại Di Động Forme D888 4G - Hàng Chính Hãng,680000,https://tiki.vn/dien-thoai-di-dong-forme-d888-hang-chinh-hang-p215119245.html?spid=215119249,,1.0,dienthoaiphothong,dienthoai,680000.0
"Điện Thoại Cho Người Già Masstel Fami 12 4G - Viền Kim Loại, Ăng Ten FM Không Dây - Hàng Chính Hãng",600000,https://tiki.vn/dien-thoai-cho-nguoi-gia-masstel-fami-12-4g-vien-kim-loai-ang-ten-fm-khong-day-p174085242.html?spid=174085254,,12.0,dienthoaiphothong,dienthoai,7200000.0
"Điện Thoại Masstel Izi 20 4G - Loa To, Pin Trâu, 2 Sim 2 Sóng, Hỗ Trợ 4G VoLTE, Đèn Pin Sáng, Giá Rẻ - Hàng Chính Hãng",464550,https://tiki.vn/dien-thoai-masstel-izi-20-4g-loa-to-pin-trau-2-sim-2-song-ho-tro-4g-volte-den-pin-sang-gia-re-p170449059.html?spid=273562413,,13.0,dienthoaiphothong,dienthoai,6039150.0
Masstel izi 26 4G - Chữ to - Loa to - Hàng Chính Hãng,479000,https://tiki.vn/masstel-izi-26-4g-chu-to-loa-to-chinh-hang-p195894801.html?spid=216132112,,8.0,dienthoaiphothong,dienthoai,3832000.0
"Điện Thoại Cho Người Già Masstel Fami 65 - SOS, Loa To, FM Không Dây, Đọc Số Bằng Giọng Nói, Xem Lịch Âm - HÀNG CHÍNH HÃNG",685000,https://tiki.vn/dien-thoai-cho-nguoi-gia-masstel-fami-65-sos-loa-to-fm-khong-day-doc-so-bang-giong-noi-xem-lich-am-chinh-hang-p271290719.html?spid=271290723,,1.0,dienthoaiphothong,dienthoai,685000.0
Máy đọc sách New Kindle 11th 2022 (16GB) - Hàng chính hãng,2680000,https://tka.tiki.vn/pixel/pixel?data=MtWu1X5KuAQXN_ilTpvOxfWIrdV1pjU5pSSg4mVSnkEaH8_JSL52cpkuFTEsAKcyDC3CZ520g-xwaa3eL77tfQ9ppYTiTQzWnuEgvXoLoX3apG63OIdRyGIeax-EPhDjoUxtSXCShuuw4zTFMDq7R9AM_v18Ob4ZNyoAXfGmvVa8dpJ6y-17FCiAfUcBUb5mT69B6Yvlo7VD9OYPUVXmjowaTPqfpPXvW6fPTLbL2uS-Aotvyw8SPsN6DayrFBmmV6mZjpuas3JrcsMZpV3K7mAaM4Nk2jIb3b61Ko51sIQj_Vj-4hRYnLjrYOL81eMzlul2dhkP7dSG53f_P5WRgKznC311pz_1ae2H484wDYlSqs4FQPfXQSGimTCwnFuoBYRzlAlVmGMwvujEYnteRn6a-pl3BqONsUDG0aeBRCHp3Qb4Zr5jPqC2kmq0Eht7Gw__rtQKE6jYwwXNB-1vQHDl90M94gybDLRkqhFvF_Ml3H1jDS-g7P49Es3Wla2a5M5ipQmhbsckwpfO-9aXS3oSqHp4w7RTz2k8Pi-Z1AVy2HRkXkzNcZce-mDuAX94LXUBWSzp97OXMjl226wI1BleTSieScJ6LOd5cqrkd5kscfZ1KNVYsk54kXz840dDPOIEKrBbogWrtWsbQnRt8qP6aOCUIcb5CI0EoYOfU6Npzh2s5ARxFoURQYVehinVwDIIefOP_59HWaJKMn3_OMuz-62V_hpPwEOJ0qXTKhXBMM-tNhwu_aoQqAgf7ahq4AvmJyZQUN_uapAOm9gURjhoG7qwGJx2IxbBBJpAxFo342Sm5nRWOpETQLnMY0tkzVB0XFHyAIEpnDdWugIqPHrSIisaHPG0-hH7rKdPydwM9BV9aSngpY4mGrSUxjYtdGRGL3A0wOh662-yuxeKLCvOjei87j5Hzj3H78YyykXGdOqkubKmK8ZMAMtjb61Gx4mSWzAPplRx3SGZvYevVjlVs3IkknIYDGuSIdyhQA8Oyega2OJ58IB8prxcMarunysQ1qf7rwQ&reqid=F13bWGK1ZxQyPH8y&type=CLICK&pos=1,-18%,4.0,maydocsach,dienthoai,10720000.0
Máy đọc sách All New Kindle Paperwhite 5 (11th Gen) - Hàng nhập khẩu,3330000,https://tka.tiki.vn/pixel/pixel?data=nq8RHk7FSazrRJ8eAYw2G6r-qyUMw7dozA9Ih3fgL6vWpQeTb4Q2N1UWwJxR3iuJreYyK52sHxN458oRk3C_kcr421MM3OWHCkmTa0Xr2MGLIWO4WBOEBPDHbCvNBwNWwmy59T_ZGUQUYBIYP1FFdanJI-wB9ivpwfREjc6evwmLP3zi7zfj0IXOWwTwKusYhQ7fQJqFlb80MsaALXtYU7upkLr4FaTI37fOqrd4Wc93RTA7CUT-6Y0G8GWb3GU32Ao_ZhDpRSmg5POSNA_7w5GBj_4H0aael3fl9_kpz0HM4_I-57vbHLgmq3ioAc0CKHsAlqrqj8Vl_rJN8hLtTBDJnlxY1EZNnWXa3iEHbJuyw_1WsvX10OCSm2i42bw8cNrMXjGC06IN53ZZYR9IVdTgpRsJXICmWTQpH3VydGHw-SPJIwcyWPvAI9lBs3nMMEh5YUGrhil5TuCgEM9e4oq_wGgu_jbGqBjBrkbyyr42CxO-GyqDCynB8NV396WYUYDQB7-fbFQYTLXwIhR8qgIxpCpzLxtrqwEcFxaXXtxUAyDjUCywnARW1yQwAUGwo74AdySgW_5e-oQ0PDt6M9WEFlkvuAPEpZiqMkDU_vCCL-f196mc31Fej71x9cfwlbYkWLDvHw9vdpxeRK9ZxcyNKIjw9FFyIYJsFRD9fjyJJxwXREYpZkujcAqMpticR9_flIUdTKkqGYYaVNNGM4RnU3Y145huFP1xT_MsVs9edkqrJJci2bb5ZMSb1Yan9lzxS3wavnMUba22r76-HZXHX_3c7Fv8WCuFflcIg3OoWWkJdY06Sb7dOiQK7xjkIvQV78WMC-GHG4ulLixq4g8jC-tiyUqsontvMq1r7RM7MC7BoxWK3DqSMGnNaqL1mQLgigGN3ins8R5N5SY3J78TDaTe2LhJx-ohwNj9jlrjaNaASy9Skl3MGFyw3AG5nPdic9YWaIfr7GnUIW4FBP4cUpTc8sOUOKUEZe7I7yymifNEtW2GTw-soBkaMQTjL0pKUVOs4YVF0FjjZLHhWEKS&reqid=F13bWGK1ZxQyPH8y&type=CLICK&pos=2,-32%,3.0,maydocsach,dienthoai,9990000.0
"Máy đọc sách Kindle 2022 (11th) - All new kindle 2022 11th màn hình 6inch 300PPI gấp 2 lần độ sắc nét, 16GB bộ nhớ trong với cổng kết nối USB-C - Hàng nhập khẩu",2680000,https://tka.tiki.vn/pixel/pixel?data=tWBwN54CsA84uklQL-Rhlu8iRmUHd_poeLV6dTeOvspMnp1JA1ozqd0irQgh6J1PIhIKW-iVZa2ycdDXF_hPHahzEA6KGOaYKZyOHolq-sowec0zDR2Fg0Jj5gJDRZyGqgoGqz55CmYau5NEPxy50REq4D6QHiWpGC-jaC5wTsTF-cbneQx1VlOP9eKiUSsTrCn67rhE63IRXdCw4qT3FpR6hznO0Bh1EMJrJKTziaThve2cJpmZtcPrQOwvHJNleF8ImwQ9yY02GDLP5exex1AYIv3DpL1AxbTTJAeYJWU4BZsy6uPxQWxDzRvHREqojF0pEKmTzcNg80WLXf8tGV5nmPz_HfSOEWzDYmA4zF-jMWUb7l9x9wI5rsmeVTLLMAfEJ3s3zISEyqeysShF7TJe4YoTg0qV6UDslLUs-LCXXgCQDOzJci6maoEpR0EcANcqIhkvdDAEbbTovJ43bdKnBV01aMZIyFlcBTYIRBayBli3EvNnNby4AQBSUN17d5BfSGkz-0Cz-hncWW_KNKyhgIZ475ehXpu7omlTYKQV9DkNC3yIgWjJ_CsiYdtt7Vft42OqnKfX7nWR6Lrt9U3D2X5BIv0nWqedRWgrOWEnvtt8CfpM_OVoN4b3n1bZh5WNXob2Fpk4vvJMAzmQsvLy3cw_WKpOZ6T1YdoxfJSMdU-9PBFmFzZAmAxzvrnIbPwWlSDjsp5Q4pA_rd2n8-9ncSwGhzgNEHSfBSeO98_n40tX0KlUjp_cNpa1NZnVLJGHhqE2J-ZTVbzVTSalY0jqgghwCIapyiASwy82KnWxw7G9oUHk0PGAlyv-XPb78iGVV_7rJrdmjW2fpOcqPb5JTEJ37AF0gNBg2eg0L4vWmNa6dsASOkAFQapKOyej88je-Vg8mip8FxHOwAyaMyDwjmN1yLhhjeFd9tnUAFLlyz56_PWFgmmHcfEZw23qnds0cdlOQxydSWYtyCdQID03xFEU5MmTG4u20QXJGQmUIEMmMDKm7O2Zl9Ptu4Pfb0l16vyxeVecZHaxNf3VAWSUh0mHW9H8y0wmYWv-8zmQ7CdycC5VFhWGwl_1dC9a1oF8nDJXurwLTQyNt8RIq4Nbl-bl76Cuhc1JQ70mV6-T0BA&reqid=F13bWGK1ZxQyPH8y&type=CLICK&pos=3,-11%,8.0,maydocsach,dienthoai,21440000.0
Máy đọc sách New Kindle 11th 2022 (16GB) - Hàng nhập khẩu,2680000,https://tka.tiki.vn/pixel/pixel?data=66bL5swXEtzmB-GxZLZB42o0NCdI5uhtAowGy6YiNWFrL-KzVLk40Etjy_xWxAb7BgucUZvaUP4VTnZmHrMqE6pnqrQ7CUPidK6H9DzC3aU-jWHNuzKyizgXrVKwrDLy63_jEaHh0TppIR-GU9Jsl7Hm3AAgJQwzkGGkCwClXELo8ZQl_kOJ0VTvpHzdeGQ6f-qhTOGgG2ogG6NPfPvXATRAd_rQszFrvTzWNP2ts4lzE_-WJzN9zCZx6Ms_O_1dp__iv-7O5rsAqNuDSKgkYTKhp47uuz6DjHcN3Yd8Hrf-IOIp8kqd7zOaH9_e7xUNPa15zde6S6_jvifOxiz2HwQR6rF370Jxljme-M4RaPuL5Yvm3ufVW7Sdqo4Uy250sqG7uDZD4JCIZ2uJknyszt4hqGRUZWkU-QzCHgwnCYzx77oaVU_6dwkOsyR7qgflunf0vbCNaqYGLoS1TwDpXXaX2X1pVyQVeVb5OwNZ4iTmsGHb4THrKLs76o7j6DuI3tE2oJiV9G6dqK27zoKQme7Dy2wEBKWeXdzgVxSx1qfnF2OJHjQaEXAhZUwJRNuXFjYGr630L-hK_gAdU3kNLdh8x8t3trpwAtJjDGqzRe-sS9XmrsOQGTjTJy0AovOwesrzvLMWjxe4tcHlLbdWnp0NnY7kr0urLl516vJ8hwQbXc-9S4rRU6MT2tnjF9--K9Q4-qVYRG2p508FhPpmumEmm15TXLgQRdjNopvGb4kQpHAUyuc69kRKbc6rIjnJFbqdVkVBr9m7d4V56y84k_CmkgY7Igl6YxXJeqoR6_S_B85Gj07eSUxCf5vQ6ITqDn8B7Q1pHPCwgFBTHvCjPYY1fpTpScNZivA87BGOHKe7VTY2m-uT6mKNG1kMlzS-iYpFChHuE0BGQ0wXqtyX2PuDs2IJVZ6A1PR0ZzqPx6KK1J6QjKs9f1h4Pxv9OPnAXGht2SZUYFYH_jRdIBKxcbPQgRob6JbaG_0VqiNhSA0rDuF2xE34sVp4ixwBFb4LeWY09lLljQ&reqid=F13bWGK1ZxQyPH8y&type=CLICK&pos=4,-11%,3.0,maydocsach,dienthoai,8040000.0
Máy đọc sách All New Kindle Oasis 3 - Hàng nhập khẩu,6690000,https://tka.tiki.vn/pixel/pixel?data=D1p-FBkUAARPKMmmvwthii35xI9_M9bO9ZsGfazb_XIO7FqqPNaBlLlGOYZXhM05zuLbC-Ovhy9xD_VRClEVw40zmhTyAfR2nKtiJ2BXmDc0G9GCFPc5wZFOXvrNoc3-U-Dv2QcCatPMnPlnWb3CPrLfETdtPxF5t5_hxbohzpV2AM4GibozqpyrLNsyB1VCOkxFwjLsNjA3tdS2vcbNgS8gSBESXel3A9sKiTVnV7tmUEO4td1fQampcGNvkg8zFI07EEZTtqGhF19CuyKUutQyfNi_ebECH07PHHS5AtjpDvSEGHZdeGnoAOoLUf9Zc-u5hGQFOnOrxvqbi_0I-J0Sgza_a-mEEXxskOKeputPUvUYkWMHgcnrxP59MeSJV8OYfqR0lxygkEeKSQNGkULXYkgKH2GJQx2GmiYBbwgwn4RmWENugAKIF2KyvDeOfQM0HiqL76B6un_FLqpz--cVou_hvNjphXAa3qLiQeBlevtCYW10cFLVyW50zBfvB_kWsHSzZ1QQ3EjIAMg0ukuNkZjCnyCvcRHyhIluyEEkETgj7stqH7txfwpsLk-dQ2-xmWxOoeUPSR5euom44_EYlbhwiRKFacv-he01519TbyCm6nbazwt_B8O3vRoGBih_Eb5J8EMCdYBgtUzF9JJHKFhitlUlCyuq0uuf8a0G0alptHFVti9Oe0JUe2FeaOglp31rwsV3dQaxGs7Gp8vqMR0rGHz2fQK11q5s1bCX7bayPtsUClMhYZJ32FqhDMpYXV62t0q3eS4qPS8dgjLsvOQACClWOyMLBx_--52NZDxRYOkFYfvLZYpWnklI2jFwhQeEzYzlA_kOHi0UClUs70HM3Scuzkzha_VdOLCLDbrvGtj3C4kkeIiT_SKSd99Z5MNkvfI_5hpSsycueooz1GLHYbDfXgG-Y-AlIoVrcImHjBXy-Hp1XQh6RrHQNBJ5e8cCokq2H6OXLL8IFAsMT0d7ah5nrEKWzO2I5XWyTsgh2fds5QFdVnAcEGQ2rMkLPQ&reqid=F13bWGK1ZxQyPH8y&type=CLICK&pos=5,-3%,52.0,maydocsach,dienthoai,347880000.0
Máy đọc sách New Kindle 11th 2022 (16GB) - Hàng chính hãng,2630000,https://tiki.vn/may-doc-sach-new-kindle-11th-2022-16gb-hang-chinh-hang-p214756058.html?spid=214756060,-16%,499.0,maydocsach,dienthoai,1312370000.0
Máy đọc sách All New Kindle Paperwhite 5 (11th Gen) - Hàng nhập khẩu,3330000,https://tiki.vn/may-doc-sach-all-new-kindle-paperwhite-5-11th-gen-hang-nhap-khau-p125182567.html?spid=225920030,-16%,3.0,maydocsach,dienthoai,9990000.0
Máy đọc sách Kindle Paperwhite 5 (8GB) - Hàng chính hãng,3410000,https://tiki.vn/may-doc-sach-kindle-paperwhite-5-8gb-hang-chinh-hang-p179547641.html?spid=179547642,-10%,520.0,maydocsach,dienthoai,1773200000.0
Combo máy đọc sách Kindle Paperwhite 5 (11th gen) tặng kèm bao da ( Cover ) - Hàng nhập khẩu,3649000,https://tiki.vn/combo-may-doc-sach-kindle-paperwhite-5-8gb-black-11th-gen-tang-kem-bao-da-cover-hang-nhap-khau-p201067649.html?spid=252852429,-13%,470.0,maydocsach,dienthoai,1715030000.0
Combo máy đọc sách Kindle 2022 (11th) tặng kèm bao da ( Cover ) - Hàng nhập khẩu,2759000,https://tiki.vn/combo-may-doc-sach-kindle-2022-11th-tang-kem-bao-da-cover-hang-nhap-khau-p209927605.html?spid=252075215,-11%,115.0,maydocsach,dienthoai,317285000.0
Máy đọc sách Kindle Oasis 3 (2019) - Amazon - Hàng nhập khẩu,5790000,https://tka.tiki.vn/pixel/pixel?data=hACn_OHSlVBRD1lq5CS7Pw_cEjtU_hB5dyQadDyD6jbplZL9cw4Zbj61N49aU2c-_yMX2bijzzCxlMs2UED_lEmcIo5wsO2bsEnrThPEvGH5zw96U3Ytk1EzFHWThiRxI94oBuy9WF65mKUKRDyuLQAu9Hmln67yNRU-aUMDTuFuY1TDqoDC7ns9m0_02xbibIMNrEPWZtlXfj1wxMDaj_tZ05dduoWeNcDODm0fmlD__2xkw0njnWNeW5mIjDTdUjzHOAokN2gDAf3dZieADf5zpOtoRuFhwGC5VPexyBssqVwr-mwlrdroTZVb1Lki26C0cNLN-ZfXYLnCm8-gUR0AASvEXBMLcFZ05gZfpm1UVGfKdO3SR2dOZZgfTY5TkGX9tCk0MfSJD9L6y3X9KI2-t0oTzd-0NLfkQTWiktiszFrxdS_Pgu7sSdhy7GbOX7tZbOJoTGvg808OOrYR1M7vNPUimMZ4kIC0O8cuPIrlioIwZdDyaSKdUgeVRq9uADh9hmK0bVhDE3QwMhOQSvgrtSQRt_J29WylK8FfGpR1dxr_DFPPQs252ZzHhUh02K7IqCqMDGXbh9hjbX-rnXb8tZ7rpeIDzhQfU_MrvWBdKdWJgYS0qArN1toLF73R5-CNsN-LLzRR9l8KKfkDObYY5k7X-blYMbrmoPqAQ_CM3wJkTqivFFt2We5vQKl2IaIC2Eunopy1S_okNjiOptUel0YARXP7zKc6DvOg6nvuz2r_C5aux8wq7kVmyIn-o0bNNzFy0K3G9_79IVGpRmeS2Vb7wnNqZqkkmWJy1vL34YkCLo26tCgAlt7-_Psl2JudBACFwo9hyksqpeg-dT5ujvvuHSJKGe58y1Dw5d01X8aQUl0-rq-kAdnwWth-bIbSscspseIFL3da19XvIs9M6T-VYiQok9pIkdUfaIyxudRIzJAenJtWScCfHH5syNovmsFEWDIw5oWzINbJXEaH_y6tdooXP7enbmpoiUCKRlZmrY_2dAWB2bmQyybQlHs8nhFJVw&reqid=F13bWGK1ZxQyPH8y&type=CLICK&pos=11,-14%,34.0,maydocsach,dienthoai,196860000.0
Combo Máy đọc sách All New Kindle Paperwhite 5 (11th Gen) và Bao da - Hàng nhập khẩu,3380000,https://tka.tiki.vn/pixel/pixel?data=lMOHQxMf2pRz874TVABvHCuFJ45TZauAUpJYyCNZx8Zg248zFHdmHgMHWvHxc4wjCzYJ0R2B_ym-2jFHaxmfOweNmPOJby2YAbeIwTNbuCA-5Fsq3_e6fmBqz3LWusOdkdrvngyU4ZCtC_xgIBoGxcQwfBRAGUjC7kF2tp6qaF3qZ3BRCwatI2RKlURf0lf6TgbKO88F8XKwHlmS2-SYyvYjOERR6r8ze6kRG8BvrbwZ3KRBkdd1qL1OsRhzjWZaF-He8Z2fF50S0Tdmxjip4WbuRQ4a6EHxPNqUaTKTlTKDNDwYoVkQWolJv4LQDQC-0UNE3FcgHnGy5QKXi8yCWIpEQ45SKTC0WLFaGH0TTMn6L2FTuEvD6oJC9G8J-2snfhRyMMkqHWSLcqNetLOvV0rj8_njNuB7FGn-xjFcBtXy5VhiCp6GddoWERixlc1O8oPenOwhJrtrbGZvQ8k08gIiGsSh1sQIfu9lPCqm9do6Xq0-x3piQNGAkoA2tNnRl_GjPYXY9bybdLJr6v9DZoNizmBvJSAcnX9weCq2pcGnqtL7lMtzDMd679vlDLH3WcroX6E7EopsuO0SeTI4jmfMKWSrTS0qACOdQWeApCXtNO3X_50p7LGTKdZm_BIFPeGaEEthVt3QEovYCcmwaQ4vTJgMjBtEzRq9IcWZwPV57Yinpf8FmjeCUqXiLJwO-rGH3i97dMAB9C-S8axmVCWRZ44qKwQVPYX_fzZpIS5oSmwGA9rzrwrQ1aEv0PjMy94Vrb-EdoG7TbpK6iDkf0JITzD5LwZE_Mk7yYu-NkyEjPEoVoz0D3wn6YfEPv0xyPcOkh7xqYRqmii4POK803803FBgEcrPc4PlElTC8tDwJ9OhwAjbs75yhGLx1W1pQ95mHGKsMpvhYTMHLy7iIkAG5vKB6XLB8uyncmQtkPZVFZU9JuDbV6qzB_AJhzF9w-QTidnBgStuj0vDN-DwOMbl917GeM7SxXWXtNGcfim0qiGIc8Fq9eEylipy0RXYAmNr8CqUD-cz7o0qZN-r7FTc6rpAD-wFHZ2MU6TbQjR9JQ&reqid=F13bWGK1ZxQyPH8y&type=CLICK&pos=12,-11%,4.0,maydocsach,dienthoai,13520000.0
"Máy đọc sách Kindle Scribe – thế hệ đầu tiên có thể đọc và viết, màn hình 10,2” 300PPI, đèn vàng warmlight, bộ nhớ 16-64GB, đồng bộ dữ liệu qua Microsoft Word - hàng nhập khẩu",11390000,https://tka.tiki.vn/pixel/pixel?data=kNGVUWrrWjlE1H_C7zsCWud_J4nhw1j9Eik8PLRWszZqFxSwDfYt0SQsgNqe94FJnndK_D1xr4P2CRrmLxh4EwQ2WKyfbHXHTw2m--KqUhWcfmK4ldoCnkzwuqFqvhtkmX3CWwmNvUnX1g2TQgm1xt1_DVA70Dk0-CN2_sk9icUYTdxje7YdVBj2mBoOo2Fs8FvoXr_NMEGm8_h3G69SmSzQ7pDtwm-VBblu4HyTYrsUig4_oevUYKkxgWlPg-apI-JOy0OoYIjgHnyY1cp_A_aUMdDgBSOvld4RYWk_iTllZ4VmyGEEn_25JMTxADUv4nsFC7ujpQMzwlCUUVbz-rhVlPisVoqnAs6x0gFGvADLeTFW-txeTDTAG3gJDwhSXIbuhdhrSfkQyX63L01qzCrM9uV5tWarM3s2cA62EVhQyg7fPUr9cEnllPjByDQz_BiE4fJtYXZ5EA0CCM6MJjgwKqFGsS-z8jd_-S4s-5OdnATUPtwhX1GnvqHpf4jNpXmnp6uRMGdVgfnqopWbTraD61dVehLp5v1QrF4D-I3LT6X9TBkM62aXQ7hMInFB2IcjCxkqAgATmzfDsZ3DrXHB5MRhr15bnZvrfHjgS0F5efhOTwBlyuEGcmQl5ka9mrOK9PJMk3jfrM0ajtewCKT0ZTphxVB8QSLIsMStC8XWP4Bv2nRg9LxOxeDTkNd4b4BQmz58ldP4SJl46UsRFn_OquhLYQbu-CMraZjV2_SZKgPfOxx9j9Lv4ZpXDQ9_QQuAnp_85l6v6LdzMbTggALHuu191ls5kGYgSabrbrCzKndHYMLL35xDOIQKc2pHKz_LSxeksUI7Y4DVEJ8AaGlU4X9vgcv090576WKK9LjQeqCF8CFTwZWM7pPjLCkqtNkWUiY_87ElXWl-URAWolVVuqsd7I_RLMZU6oe07uJr8mLvM97k81_o7mvLvn-cJ9miTcNGnsZkPO23z3mvLyHnsinVd2par1mobFvtpDcKErLDDtPL1he_Sp3LTDWbRYfcEA79aHayVy4SNnTuNeU5eswd2kxIrxSvtfYik2rfnYNiIjkkxbJSZTVW8TvIZST3qE1S8zGqHP5HbXbN7PzYGEsO1z0ebbARC3pFC4KznmUqlPXQ7TYHOtFCYUB96HeUeKVovoNpS0s3UCzFK8_c7gpr9iI4f2O-5IdIvsbl&reqid=F13bWGK1ZxQyPH8y&type=CLICK&pos=14,-7%,3.0,maydocsach,dienthoai,34170000.0
Combo Máy đọc sách All New Kindle Paperwhite 5 (11th) KIDS EDITTION (KHÔNG QUẢNG CÁO) và Bao da - Hàng chính hãng,4161300,https://tka.tiki.vn/pixel/pixel?data=Pl6otBp3f1V7GpXf__syxr5fA4HxyWorhIwj1MEfh2hBnlPeeGWPby2Yid7zZqaTGWdRrHy4Cw-VMWUScpH7rqFlc42xF7NItC-4Zl7OFu2ND195KNC2b1FF3LmuMKIbDtm6IeWgOhq6AXbJC1ONyu4gBlqzSUEpRWn0-cEkfLHgSbdKE8g0yDfQ1ZnaCGHp_jjctBFt9fu13j37mO4Cj-iaLLuUf5uBNk0pv6m8d_oFkJFHEPfP-oGZ77Z8QU6Yy2Tx0L5ZRaQUyRVJ0dUGsghhWiMIu0plu54ozZtFk5hw19hJVPi_usLTAF3EWWE9-F9BFCo7u03ORiA5c1EpIFJBpPAdZT3m7OyP7PEFbsV8WiVNpVs1R4TKBlSDar28npAL9GPNBXL4drZB2-OnlvlyhOjbAohPwkAMk7LKTPBx_05d2xkZq8PEXXP2TJPEyQAqsZpjm1S-7zFVDE8eQm2ifRFaT_pAk-XJTeyUga3xuoH4vv1DTGlZMM4qfPV1fFx9wTZCT411N-eD1Gw7DFNA2kcMWezE43qh3sYgGLJsZt7XiRPgVbDg6To1cyi_ewGi4FcGrNR7hLCBiY5drT3wkEhPUedoK87ySQj-ffjkkTaTWyUP0T2JvRHuAN-v6kudGQlSW17CsKCLJwW85WlkR0lnL0CNJsUXseIbycGbAYmt9asAjfWi-mO8YHFy6lA-tcUk522OuW46MVs0cSd9ImeQ30_D3CZQnVWhhW5Wws_9IFbfDgM2zeNRIJuRn7AAxVEjyuJPQwADrFADI3Mqcl6q0p1hs2OzASaIv6RzhoJo38uVL5r3iXG4y-xefl1ZO2r_MPjNbnUO7HhWJ1H2g8lkCbFTlYwFFTKIMAxUBPqXX60z9FyH3gPzkYpEemptqL-4Fdofo3iL-UapSDWzC7FwBEwNZkbeVVgG_QNte1NbbP12U9YVvJlPs8TQWNuEVVfcDRp0m-caDJ0NQVTglsd0HZ2slYRB6xKGRkNFRL589KmtQ1a0WpgO8hb-Bkb4gWao-clJ5ooZZlgQj4SAao3QNs87LanpHrV5cG0cHfGyTXFCDmI5CBtYIFcuC2pGnOHOyJriC1RjXspBvOh-s5NZ9VQ9&reqid=F13bWGK1ZxQyPH8y&type=CLICK&pos=15,-3%,5.0,maydocsach,dienthoai,20806500.0
Combo Máy đọc sách All New Kindle Paperwhite 5 (11th Gen) và Bao da - Hàng nhập khẩu,3490000,https://tiki.vn/combo-may-doc-sach-all-new-kindle-paperwhite-5-11th-gen-va-bao-da-hang-nhap-khau-p217706932.html?spid=161964619,-13%,453.0,maydocsach,dienthoai,1580970000.0
Máy đọc sách Boox Page - Hàng Chính Hãng,6680000,https://tiki.vn/may-doc-sach-boox-page-hang-chinh-hang-p263798932.html?spid=263798960,-6%,19.0,maydocsach,dienthoai,126920000.0
Máy đọc sách Boox Palma - Hàng Chính Hãng,7200000,https://tiki.vn/may-doc-sach-boox-palma-hang-chinh-hang-p272222033.html?spid=272222705,-11%,14.0,maydocsach,dienthoai,100800000.0
Máy đọc sách All New Kindle Paperwhite 5 (11th Gen) - Hàng chính hãng,3590000,https://tiki.vn/may-doc-sach-all-new-kindle-paperwhite-5-11th-gen-hang-nhap-khau-p252586291.html?spid=252586494,-7%,449.0,maydocsach,dienthoai,1611910000.0
Máy đọc sách Kindle Oasis Edition 3 (8GB) - Hàng chính hãng,6690000,https://tiki.vn/may-doc-sach-kindle-oasis-edition-3-8gb-hang-chinh-hang-p271218081.html?spid=271218085,-4%,10.0,maydocsach,dienthoai,66900000.0
Combo máy đọc sách Kindle Paperwhite 5 (11th gen) tặng kèm bao da ( Cover ) - Hàng nhập khẩu,3649000,https://tka.tiki.vn/pixel/pixel?data=pq_psxvI_o8tqwv-4y_j5K5Ugii-CaLnnCiVinXj0NtiVhMi84fmQwWn6hTV8qojJuUD0VZ-tp5NegqJomHMm259iwI9_2wQP_eRQXnaVgA7eBJLR-XysKgh4cd8C-jRA4FBt8Vvp6cOwA0pqAunIaBFANltjQ-r9BvlsR0wijsBxMwcMZZ5ueod2ZnVFXo_rjumlJ5b5vs9cg3_IW2Tl3MfLIGtno0oFIMJxzWwjM7teIY0btTanINm2hzVeEzbNzQbTyOPmYpYmmi2SL6Cqs3ZoAIP6Z8U2Su1PIr3y-JjpUYoTl9fdTqnyB5yhZjrgfl-3-eDtjn9N17PHYcvmjSMFRES1L1ETiEFbbUyy1GW6HuWOrTVl3wZp3mrWVExwyHMmC4Nbr6_DOpMpDi59-vYuaVbuGHbhFmiIdWxklHA3_4v8ggX7sHkv76o0L2JnaVaZ5tq_AdesjgE21d3YksSJ6GF9Vv0H1MAtY09YiabsJ_lKlvx26zHaHr3h8urGkybQ5h9wBBTYtjqk9Ms_A5aEmG141-DxrRWs3C8e8_o5nGem0fvEV7TaDjVPhM62IzqDrZd9RiRFHN3peR9_N7qOVDaBHvciGz-PJzPcMVnFGdsUVIFEFS0p2-Vt_k8WSHbU4i7Uk1_ExzZl7Ki28F5BAWb_YXpZaYzaSdd9pPtL7E2HFrl0VrVnibNyyvCOoKW4T5mMGEZ9Qd-TVChLgyny_Ay8m_FhoeUeL13y9DUmkbz0MBGhuSpJJSkOtBo0aQK9zg2U8c1hntptFSmVJze7WpjKXxKV0Xum59ZVV-0kYt2UmChwvuxVEvp1ZSRQLCdcOLWN04qvGp6arkFvIcDg4lAt1HLM0XHe4sb0o2CwQvYG4JtSia67A0fNJR3OdQ46NsYpJ_D_GYuPRwdsgyolc9vfgpB_27kMe6asE7GIxfJM6PlxXGbX_m0xvN07_CA2qG_m63ZiWuZYHmWds8TLK-vTTDkJ1EYZSzO5gsx9X3lDHH3VOULn04yyKkaRow5W7Hx0rsvZr421UtcnuK_5ahW2n1XInkssT38dk2bCGUfKIPwVQuFVj3qkHuCae5chYeb3VGs&reqid=F13bWGK1ZxQyPH8y&type=CLICK&pos=21,-5%,470.0,maydocsach,dienthoai,1715030000.0
Máy Đọc Sách Kindle Oasis (10th Gen) 2019- 8GB - Hàng Chính Hãng,5831008,https://tka.tiki.vn/pixel/pixel?data=b2IjGikGHSOD2lIz9jGfgi_rRrW94PVOLP23iGuR7tNI8D-nGTPGbYzIesF-hM6qiQRrHpHayX4Ljs6oFZcC716H1mD2sCOlBNiFKbm_o4BSW2bJohf7lrSRdGQZZkyRH8PlkB2Xgm10xCfeCnjt8LXDCKUg-AsGB6ZHlRPOAhPDa1PcsqfU3MmBZ57VyRqPD9GkBeSdfGbtLqBsE9_n8m6USvxcwfkVrxwjqyRwFeruMHlrXEz4DnsnEs9Bp59ppXAH4gmIw4uQQ_95084EQZPCmYGPO6z63F3wf0J8tmAhcPP7mUNbwjQgWjMoSVnWxO7T4uXEdKer6zJsY2Og3sm6jaeURjmeOhv3DI2MOZfVcEp8K6opVYHcEuv1Sd5zNeEX5sBXUcn0rNY6xJYdwb-2SEk17Gq08wB0eRAIhl-QazSa0MCKoy4wBl8FJLKdpJKaKMf0GwJf2L5CF42m_unW46swiVXtslRJ8uN0pfXibLrG2W8t_6iFliGV4oZ5v5FzEApOas_RzfywROQD37U5g8HzRDOU53T-raqL9cimqreOk0j8RP8hxNAO8APHH4Nw7LsuA76cUP8NY-1pe9yxWYbEFSqXeO8Lp4nYkTjPiM_J7_VqSr9gaOFmih-TsLahPVRBwBP5m6aVoJTPZH5nJQfEtKBrZc-TnmCupRWveAluiuL1uprbbW_Gj0G0tGYJJwJCRpoecy-1z6DqKyMsaTjPuTxOk0KjmoIIttsBuvukiuvLGOtGG2PlaRT362ao_kO5PmxbUs1yb25posDM2tyvu-uswNSn8giVxAWU_rttHtL7XU2XlzUi3eFfL5VusEm329OX9FLaCuIIBdvEn7n8BNpszwNvHgywV5LO-BZiU6oUnjng1cfE0hcH3XZA5N9nLhFR4KHfY_vBiw9v3zf_rDkcPRPtIdAcqk0FXOydML529BllEfhf63jLmrcj6DkAIGNdr94HtssbrF_Sku3Onk-DR_4TQczarAkFVZCKix-4G2FOuzbSJqgXaCr5t_5JKJ1zPY45xR_bYPnAfuFk8b0&reqid=F13bWGK1ZxQyPH8y&type=CLICK&pos=22,-11%,3.0,maydocsach,dienthoai,17493024.0
Máy đọc sách All New Kindle Paperwhite 5 (11th Gen) - Hàng chính hãng,3551100,https://tka.tiki.vn/pixel/pixel?data=fFRkRmS2F0PJ3EFAI-563uLJT_3FD_wiu_FEYRo4kWsYqQyPK0v-5F5xV5O0_6QYX0U_1t285tE0zpIATU2qaxpzFMVEjlY28Zu4F23vHdtzgWOPt1EGL1pPgZxRSS1SVMRXa5KwfdDeBP7vkM_UzeXoEmv9G6WgFBkMPcnu_5JqRXiFvkECsRtKGiu9W67Hj_fUkXObz70zZy6Q0EKDhs_2D5i2p6oJ0csPA8dVlJwoK4xbjLJDmzWnIyPFLY3RhgH-5rk9ziEJSQ3hRRDeeXm_iyicN_1-uII_Zf79_3Qx8gjL83bIqVtJEcguxc3Y8lpfjvwThX6JyEv8hUN6ZTy332F51eOH7ZLl4cjHyxiurGreaojOVH3sKF4xQ7Wfve6Q4IKQG9IVejSHcRgqkoO6b09ZD9O-tFRHsUlK5eHdAyVMRkJYuX_6xcLQSX4PfefBxGLo9tljq70zkcDQBCwEaB-mNmEn2VohFxVPoa-i75G_C7teOmLUHX1VZ9KiPUaIYD4_XA_Vp5YfRsPcaLMLB6VuEaUzwXe8W5QmqFWS8AjvVwtfx1CerHgNOwnUWr6wIquOcnRfV6m86JgTq3vrWoWrvAj2lJMnUYMn6snGMoNxKu83t3ioWLIM6TYophOdJiBN5m4dhA5NrU-5xNvRjW2dxLnqM3TFPZG0Rr_NJW9vF02wc11dLoPamezDDPYgUQPlXhrVxiqTC9jKODXeN-WacVmbHDPc0RQnoSIwTDtIZRsdxYx2fkwIsIdwzc-bX7wDKT0Y6uz7sibW7zJBlRtGeCY3hzi4RGHZR66bMV1UrrhGzr3el4rUMPv2GhJERyku8ZvD1Bkw3W-KaW6HVk4tfBFvW9-PTnqcdDz2P6EquvAuhMsrwEaqXyR8IAr2FU-f1hmqE3KdHtJBG0jAnq0-nfR3lmeixWZsvKlJOsgGjiXJWUhfCAVBQKu95lKShugAk1VKFa50_U2pEv1PoJwpi2PyEG8SBIqW-d43ibp4d8bLElliw_UbTfBAyDKTpaXUYoGyHu0fFb2A4Zulf4NnB8JoPrI4&reqid=F13bWGK1ZxQyPH8y&type=CLICK&pos=23,-8%,449.0,maydocsach,dienthoai,1594443900.0
Combo Máy đọc sách All New Kindle Paperwhite 5 (11th Gen) - 16Gb và Bao da - Hàng nhập khẩu,3850000,https://tka.tiki.vn/pixel/pixel?data=Yx9tronrZSRsEn2h3S2vP-CyO5cqx1fiOmxbxc91AShVnnyLOZaEBZkz00il0m1eo-QMjeJdQR8wcR4ekKKG7TSkls-vDz1M661hp5bpj5XB-CzCiNoSn_97maBnJPt-C1pdp-Fj2mQqnV64_8X85AMH-KWM2-AdewBmPjJkHdTZptqCH5lN1xVL6GBeuPIuDpVJzE5_tNz--edixoxQqXEPjpZ1f1zyQeM_izVjaScOYusPgn9kSRSzpS9Kd4KlebYMgs0IbQXyT8qn8dbbF1qZdoAQtr_ZZ2GARXeJXWd_FfiGU-ezXJNHgDSYpyIm2fi2gxhCmIQB6LS4u0gDFfUmMQbSmCWnVlpKH3fZsboN0JG4VBTOx2r0Pq762d4O-uNRx1NWPU4qHA3UjZaktNaA2wq3jepsL4pKszc_UWh7upDqsQks5hFGmMECwyD7ixrQTR26ASsive5YnbiNdyWcp-s3fMELhNz7fiMdO_9gJUmIG4P78vTILQwlPQftrzUDsNyITsZkOoO7-N3oBr01P2_qXJmMwiNic-4XvPs0DyxVtMOsPwcMG8AWVCoiyV98jKtq_k11mAmOTlzex0lpp-ArFF604kVhsQK6fJ0sXmiiq5Vl2Y1g8-QVsfBCdJTFrWX18W5Kq0A8UZmkD8pTqI1jGENbyzaQ8sOWgZSQYh8eUcHVvgXcDiJH7Y5VOCujQHcUgS_gfEX5dI1EYsglMFwqqonFxZtmjNzgnZlZ4OG8MpjjVEtNGo_kgjXRzHBp3D4DyDn-GJsG4IFeO7qLMvMjJgrc9rTpxJuKYp_oruhGHEYzX8mrfK0N-fy0iVA2wmlOHMKiYyT2xuZfUQTYG_hfsRqHk882n_Vr56f4VZwTorDUlFD7oLkUSwGBkPEUzaD1tX-GM86vf-ktHp4jf3lzu0bv9pNmRjKYynDurlWlC53SrXZcR5Nij-08rHE2axfJ8UbmSLy_zVG1RJWJzVaoGs9aPjPpqvgODG3gE_7pCyX5XttkbykqffDvaL1S9Ll7SY1mrr7F_0dUYJ8OHddPMcxmniM2H2xrN4gvfwxUU7zUOA&reqid=F13bWGK1ZxQyPH8y&type=CLICK&pos=24,,7.0,maydocsach,dienthoai,26950000.0
"Combo Máy đọc sách All New Kindle Paperwhite 5 (11th Gen) và Bao da FOR KIDS (Bản KIDS, Không Quảng Cáo) - Hàng nhập khẩu",3790000,https://tka.tiki.vn/pixel/pixel?data=Gee6ZjRiCLa7ZPOfc5AmAHDXd4Yi8ncADCkzBRVgRdnRXhi_AIvjrTPr3TpYYWlAp85QdV_2lMxNVywfX_GfdRxBtntXEGAR-LHEYCbMohU8VnaMIfIAs3-5iaYEa4P2xJ-F5neeomz7zLKqZ_qjlGpucPqlQXrOgRiJoR8Xq41-RR8lTq5Bwp42x0hA62n2haL_PdooNPFo11dDA0PcaSxcC3c-TghLM_-6IPgjJ3OmzViP_lUO2liy8yxxxMBUGnFuOkeaTOvBMFKOl-uF-3hNo_jyklUfnTIiYORK0nlRQf8kqx3OmyMGwjQ-MvNRnPfgO2MthIDi7yWFi7GrgF9yK7jFYhLYN9zy7i52TQf-vgiNzouJ3DHh9u09a7ZRkTMseH9ZHVS32GqwOhUpYLDNw6egLJpX9uT5-TWhGugvNxvZm5MA2342tR97I7cYsoYXkS9-j3lVTPGzNenfZTJjCd9SP4BE6JVcOnxTsqOfuuSDXEQFQfSYv0iYk0L-ymgNki2NLbwML9wMa0MX95DSkKv7leSGDvnNjKw2GfMVvhcEv26DAKPAYwwsOeDwFIurUmJ4SjRcJ8-6i9kAy3fH8GNvzCJdGRcrzpRDjIM35zHqKbmOXJ9uKRxXhbIwipLAOqlRrnwNV_WTI7MhF4IK9vTtQbGnciVu5QDsY3x0HjdJh86StsSPVaMvEyF6Ntxm0VloVEclYqkWdnd24q3carU9e5Httx-pY8dasV0IZW4BJ-c_BXOyUJa1dm6zig7hBaFdV0cQbXMEaqrHtUUV3gHt3TjKXgC6sP7F6ExXskx3iC29vhjbdKhm2j4YShpaVr4t79tGuJPkxQ_eNbwK9x0d4FyUu5gchJtrGmy38doQHAcZnV2NPFdXWXHdefdOnScNhPYjq3EtoId0iZ4ChFPzuZE4hD2jXnNoGfP36mbJrLr-mZpDbzMaj2QTjz7g4LIIrZ3b-xeKMF-xD-4jVQjJAq0tVIrfG3BRs1tbftEMibVY7cJnyPt4IG50WpQ8utdu69kZ1IatMavwXHywJDx17fl0PvgQD0jk14-RbzLR62hnt2orq61p1Z89tOWSWq8J5TK_tkut7Rved8SVQehhAzQ&reqid=F13bWGK1ZxQyPH8y&type=CLICK&pos=25,,3.0,maydocsach,dienthoai,11370000.0
Máy đọc sách Kindle Oasis 3 (2019) - Amazon - Hàng nhập khẩu,5790000,https://tiki.vn/may-doc-sach-kindle-oasis-3-2019-amazon-hang-nhap-khau-p43924153.html?spid=173476396,,34.0,maydocsach,dienthoai,196860000.0
"Máy đọc sách Kindle Scribe – thế hệ đầu tiên có thể đọc và viết, màn hình 10,2” 300PPI, đèn vàng warmlight, bộ nhớ 16-64GB, đồng bộ dữ liệu qua Microsoft Word - hàng nhập khẩu",11390000,https://tiki.vn/may-doc-sach-kindle-scribe-the-he-dau-tien-co-the-doc-va-viet-man-hinh-10-2-300ppi-den-vang-warmlight-bo-nho-16-64gb-dong-bo-du-lieu-qua-microsoft-word-hang-nhap-khau-p217548686.html?spid=217548688,,3.0,maydocsach,dienthoai,34170000.0
Máy đọc sách Kobo Libra 2 - hàng nhập khẩu,5099000,https://tiki.vn/may-doc-sach-kobo-libra-2-p139632023.html?spid=139632025,,137.0,maydocsach,dienthoai,698563000.0
Máy đọc sách All New Kindle Oasis 3 - Hàng nhập khẩu,5790000,https://tiki.vn/may-doc-sach-all-new-kindle-oasis-3-hang-nhap-khau-p173387789.html?spid=173387791,,52.0,maydocsach,dienthoai,301080000.0
Máy Đọc Sách BOOX Tab Mini C - Hàng Chính Hãng,12050000,https://tiki.vn/may-doc-sach-boox-tab-mini-c-hang-chinh-hang-p270707514.html?spid=270707515,,12.0,maydocsach,dienthoai,144600000.0
Combo Máy đọc sách All New Kindle Paperwhite 5 (11th) KIDS EDITTION (KHÔNG QUẢNG CÁO) và Bao da - Hàng chính hãng,4064300,https://tiki.vn/combo-may-doc-sach-all-new-kindle-paperwhite-5-11th-kids-edittion-khong-quang-cao-va-bao-da-hang-chinh-hang-p271530789.html?spid=271130591,,5.0,maydocsach,dienthoai,20321500.0
Máy đọc sách New Kindle 11th 2022 (16GB) - Hàng nhập khẩu,2690000,https://tiki.vn/may-doc-sach-new-kindle-11th-2022-16gb-hang-nhap-khau-p242434782.html?spid=242434787,,47.0,maydocsach,dienthoai,126430000.0
Máy đọc sách New Kindle Kids 11th 2022 Kèm bao da - 16Gb - Hàng nhập khẩu,2950000,https://tiki.vn/may-doc-sach-new-kindle-11th-2022-kem-bao-da-16gb-hang-nhap-khau-p226946394.html?spid=226946403,,12.0,maydocsach,dienthoai,35400000.0
Máy đọc sách Boox Note Air 3 C - Hàng Chính Hãng,13980000,https://tiki.vn/may-doc-sach-boox-note-air-3-c-hang-chinh-hang-p273175604.html?spid=273175605,,5.0,maydocsach,dienthoai,69900000.0
Máy đọc sách New Kindle 11th 2022 (Kids) kèm bao da - Hàng Chính Hãng,3090000,https://tiki.vn/may-doc-sach-new-kindle-11th-2022-kids-kem-bao-da-hang-chinh-hang-p248766283.html?spid=248766284,,18.0,maydocsach,dienthoai,55620000.0
Máy đọc sách Kobo Clara - Hàng Chính Hãng,2925000,https://tiki.vn/may-doc-sach-kobo-clara-hang-chinh-hang-p270794184.html?spid=137948561,,40.0,maydocsach,dienthoai,117000000.0
Máy đọc sách Kindle PaperWhite Gen 4 (10th) - Bản 8GB - Hàng chính hãng,2999000,https://tiki.vn/may-doc-sach-kindle-paperwhite-gen-4-10th-ban-8gb-2019-hang-chinh-hang-p6597807.html?spid=8073155,,368.0,maydocsach,dienthoai,1103632000.0
"Máy đọc sách Kindle 2022 (11th) - All new kindle 2022 11th màn hình 6inch 300PPI gấp 2 lần độ sắc nét, 16GB bộ nhớ trong với cổng kết nối USB-C - Hàng nhập khẩu",2759000,https://tiki.vn/may-doc-sach-kindle-2022-all-new-kindle-2022-11th-man-hinh-6inch-300ppi-gap-2-do-sac-net-16gb-bo-nho-trong-voi-cong-ket-noi-usb-c-p209872337.html?spid=253314224,,64.0,maydocsach,dienthoai,176576000.0
"Máy đọc sách Kobo Clara HD 8GB đen, 6 inch, có đèn cam - Hàng nhập khẩu",3099000,https://tiki.vn/may-doc-sach-kobo-clara-8gb-den-6-inch-co-den-cam-hang-nhap-khau-p72290345.html?spid=77874198,,20.0,maydocsach,dienthoai,61980000.0
Máy đọc sách Note Air 2 Plus - Hàng Chính Hãng,12990000,https://tiki.vn/may-doc-sach-note-air-2-plus-hang-chinh-hang-p202640583.html?spid=202640584,,24.0,maydocsach,dienthoai,311760000.0
Máy đọc sách Kindle Scribe - Hàng nhập khẩu,12590000,https://tiki.vn/may-doc-sach-kindle-scribe-hang-nhap-khau-p217640502.html?spid=217640508,,5.0,maydocsach,dienthoai,62950000.0
"Máy tính bảng Kindle Fire MAX 11, màn hình 11 inch, RAM 4GB, CPU Octa-core 2.2Ghz, bộ nhớ 64/128GB - Hàng chính hãng",5300000,https://tiki.vn/may-tinh-bang-kindle-fire-max-11-man-hinh-11-inch-ram-4gb-cpu-octa-core-2-2ghz-bo-nho-64-128gb-hang-chinh-hang-p271329051.html?spid=271329053,,4.0,maydocsach,dienthoai,21200000.0
Combo Máy đọc sách All New Kindle Paperwhite 5 (11th Gen) - 16Gb và Bao da - Hàng nhập khẩu,3850000,https://tiki.vn/combo-may-doc-sach-all-new-kindle-paperwhite-5-11th-gen-16gb-va-bao-da-hang-nhap-khau-p217645692.html?spid=217645700,,7.0,maydocsach,dienthoai,26950000.0
"Combo Máy đọc sách All New Kindle Paperwhite 5 (11th Gen) và Bao da FOR KIDS (Bản KIDS, Không Quảng Cáo) - Hàng nhập khẩu",3790000,https://tiki.vn/combo-may-doc-sach-all-new-kindle-paperwhite-5-11th-gen-va-bao-da-for-kids-ban-kids-khong-quang-cao-hang-nhap-khau-p271362153.html?spid=271362159,,3.0,maydocsach,dienthoai,11370000.0
Máy đọc sách Kobo Elipsa - Hàng nhập khẩu,12000000,https://tiki.vn/may-doc-sach-kobo-elipsa-p118486668.html?spid=118486669,,2.0,maydocsach,dienthoai,24000000.0
"Máy tính bảng Kindle Fire HD8 2022 (Fire HD 8 12th) - Màn hình 8inch HD, RAM 2GB, CPU Hexa-core 2.0 GHz, CÀI ĐƯỢC CH PLAY- Hàng nhập khẩu",1990000,https://tiki.vn/may-tinh-bang-kindle-fire-hd8-2022-man-hinh-8inch-hd-ram-2gb-cpu-hexa-core-2-0-ghz-cai-duoc-ch-play-hang-nhap-khau-p217505430.html?spid=243218184,,2.0,maydocsach,dienthoai,3980000.0
Máy Đọc Sách Kobo Forma - bản 8GB- Hàng Nhập Khẩu,6390000,https://tiki.vn/may-doc-sach-kobo-forma-ban-8gb-hang-nhap-khau-p48324874.html?spid=126245023,,7.0,maydocsach,dienthoai,44730000.0
Máy Đọc Sách Kindle Paperwhite Gen 10 - Hàng Nhập Khẩu,2999000,https://tiki.vn/may-doc-sach-kindle-paperwhite-gen-10-2019-hang-nhap-khau-p40639597.html?spid=7198751,,383.0,maydocsach,dienthoai,1148617000.0
"Máy đọc sách Kobo Libra H20 8GB Trắng/Đen có đèn nền vàng, chống nước - Hàng nhập khẩu",4499000,https://tiki.vn/may-doc-sach-kobo-libra-h20-8gb-trang-den-co-den-nen-vang-chong-nuoc-hang-nhap-khau-p74776150.html?spid=78513624,,10.0,maydocsach,dienthoai,44990000.0
Máy đọc sách BOOX Tab Ultra - Hàng Chính Hãng,15120000,https://tiki.vn/may-doc-sach-boox-tab-ultra-hang-chinh-hang-p225938665.html?spid=225938670,,2.0,maydocsach,dienthoai,30240000.0
"Máy đọc sách Kindle Paperwhite Gen 4 10th màn hình 6 inch 300PPI, wifi, bluetooth, chống nước IPX8 - Hàng nhập khẩu",2790000,https://tiki.vn/may-doc-sach-kindle-paperwhite-gen-4-10th-man-hinh-6-inch-300ppi-wifi-bluetooth-chong-nuoc-ipx8-hang-nhap-khau-p191350420.html?spid=191350424,,72.0,maydocsach,dienthoai,200880000.0
Máy đọc sách Kindle 2022 (11th) Kids Edition kèm bao da chính hãng và tài khoản Free Kid+ 1 năm - Hàng nhập khẩu,2990000,https://tiki.vn/may-doc-sach-kindle-2022-11th-kids-edition-kem-bao-da-chinh-hang-va-tai-khoan-free-kid-1-nam-p247427990.html?spid=247427994,,1.0,maydocsach,dienthoai,2990000.0
Máy đọc sách Kobo Sage - hàng nhập khẩu,7990000,https://tiki.vn/may-doc-sach-kobo-sage-hang-nhap-khau-p140940220.html?spid=140940221,,23.0,maydocsach,dienthoai,183770000.0
Máy đọc sách New Kindle 11th 2022 (16GB) - Hàng chính hãng,2680000,https://tka.tiki.vn/pixel/pixel?data=SEhULniOD0IV9wM5XjBxBKrfGnUrhQWAnSKVe6a8FQ7cGEOXsUA8KNUVJ9RnblFy7RnwQUP68jZ80AKWQJKvWh2nS4swgLQiB031zL1XwbdEe_UhhCQgv4ixa1sejKwdDmHcAiC_2poBgUgpajeBXJ0tiejGMO_K8zfsRj6qna6rZXkv53jfMmZ9W841Kr81K1an_1Spa9PjOF8Rg49TRGJntr14IHRiy77iwguWp8399hd7Qhq2Kaxtvt8-uIJ_wThlMiSmUmFnFAsJ1MQSmboAZWeKoBN4gaPinNe_OK-LV2NIr1J4kBWyy9-XhOlEp3eaAx_eE7mIRVMNAKXSXGqyq-QgkS97nMlLGf_vT_578N7cE21PgDGRckcTN7U9_JxwDCukoJQfxfvwubqnT4sYSM0STgjiGnrYon7uuioFuogiquYKR2dQH5VUbcmotY2WDKcEDTfeGjWhbbegye6gQU7Tp2TKn78_f7eeWrEvUhV0bUr_2P4KWQ0NouA9zhfBXoKrj2BCjDsxlIuB4n93rxvZ2d9r_u0Vaxu-AT1Cq0WcqlcQ8ixWpgJybA2xeh6XvFbS3UY1jsnYNlYNLq6FyT74zS5UTVoQOHsPwfcLR4xBJkinETFuVP9GVgOqbbMOhqjHbYBN1caRXr_LVCZvAIPsCz9i5teKLkRMzR0r9uL6qhLHsCorFl93MqUb07-EikyijSHoMMJ8cEVf5rP5oKrIZD_sHA8CMVAPJUJeCDM5sOqiiaji5j-2I77gDh4uMCQzBE_opbRnEOp3PXdLsSeNYgpOtd6j19yKV4rowgxXxWpQRFUv8gDBHUKXUkmgftePgx91GC0D7Uvw9jAOGddqOyzvgCme9PZvevFqYIc1bOXXy9i7saUU-uki4_BQX8tEZ9CMqu1weqcDNfqejGBKZMppiBEPXgIM9zA7tkEE1M9_Z1HGvxZguzpI3wCsiN3-0AWP6vlFTie1ELGTPI2Yk4LulOQCTWzwJlObYMewXPpSxL4W0i3mICsZ&reqid=jfmO9zrmIPIRj8MP&type=CLICK&pos=41,-1%,4.0,maydocsach,dienthoai,10720000.0
Máy đọc sách All New Kindle Paperwhite 5 (11th Gen) - Hàng nhập khẩu,3490000,https://tka.tiki.vn/pixel/pixel?data=dicspXDoh3senOUcP1q7TUVePBwCtoulzIgscOmhKxq_tzD_M7P-hCNC79cUmVB1_otbNuuwjWsphKGRJxe6CRrINm7dyPtLap89yvPyaxG1CjLxnoeiOa4m4ers9MIzaTzpvJpsidUVjU6rh8gwZT9ngq4QdQvFrcykHfXBvAZbdjtNqCyD0j6qh8a4v-nay5yN2bhcH6dKXz1JAfU74rBXEsVYa6r7ud_Sw5Ph8tHiRm8bgwsoBdqImJzh5ZSHKCj87ZwZ_SWRuQCrhxtfwSen_VHI84_SRXUjL6zg9JIS6gv8WeOjyb_JFJ5yvwLtc4y1KX9DS620Jaw0lIUfNOTN0u8Q_CRnUh4Dg4lWg0E66xySQ0xWCa-k8sYdZ55yc_L4eWDpnPmaim6lCBsYswos4IqDtbnHRokCE_5QiKrXwD-MIOxurTzoAQbvNsheCpN2ZVm5NIBqkDzzIVJGQt-y53bnM9JDQPFTsq1sGBEAs93rp03AzHZahON39iz0__xd8MNJyoTPiQD31zHaSSpvk4YUFkDhmQDlHxK0a_uoUyAgBBeJNBldXY1rld4r62k9c94qRRp6DmDcyckQRHFNd2nOvOSkZ6zZ3GO6SDSmtEeirT-yUnWwQ52P3TV1MLjdnBbEKqNvXg7CZwwEuOhV0N8CX0zFVTmT6ISe8Zckto2H0GBME9kqT5i5zdGIToTXZMGpe916frQTRDzB6qjxOvcl43Ze5iuGA3X0X-8IDy-NntamBd-ZHdtZ4T4o3x0NOLrw1gbsxF9i6Pzioc0xASNwozHWHR7CTfyTLiqs5qkn1c_j8kc7geVohEF-oYiE9EKTwKF72_AqzCxvpex2rH0YOxIy3qwEPkVkr1XJadkqmtMzyFByyIoBIz14S9DLglDa2IYICw2zHcvbBSZHW9ZYXo3v2hptzQrKZQ1jSBPNC94mk92TcWB7uY8_1aLqdnC2iadJIBWmsyM6Gr1rNzUzskanDZVPg5cjI68UYumZ9jWbVXRqLgg8wQbToATgMiy-bL2uGUlEl7YSxreOZg&reqid=jfmO9zrmIPIRj8MP&type=CLICK&pos=42,-13%,1300.0,maydocsach,dienthoai,4537000000.0
Combo Máy đọc sách All New Kindle Paperwhite 5 (11th Gen) và Bao da - Hàng nhập khẩu,3380000,https://tka.tiki.vn/pixel/pixel?data=4r39JPFWl5TUn-kIuINq_7UJi0o4FPobXrkQXuYsuUcjHcVVlAIoTwMA0GSPjNt_pHlkK5yv9qOZNZk5rEb5--tldLy3E5NDeYFS3IqJ7I-iA18bm9X8WGOdu5ROQBWKkjNquPSfY1YCE40CAY7F14vEktziSjBctLpUx23kzBj-Tg6n9rFxOk0duxDl8gDWvCeEXHw6pbDECtXd58W_mkDJiqQiGJxK0xgZmIfvHoHRSmXeO7plrzwixPwMDFGfPjyVEJtnSSLkxvW8DsKvyG-cSCcRfOYX97pb3spI_OtN_WbsJ15kTFh_NyY1saHV4Wrtfn-amu_5S3AHJ3wskNzKIypUV2upNzWHsquUGz-pyD4oNM33g2d9bt1Fh18H7AMAws2BTd18jVkhGjFRs2dxu3fG7J2t88qZKcRHjvQquwolakdGhY9GU6egz4wiVy8w0467qZI0qQ1gwL-GLeqUYaTXfrGY1Gi801JMbC8VHQMfijf42aucfMN0x5VVIUUMJCeGGHettoqZ0mVSEw9eGGpNtt8ggnHCXx-vHLZq4vm9FZ1tCyz2vAFRklG04DDqlD0h4_vx39QUIn2vgNn9sugJlu-5VuTcNMGYw3KE4-hutfLynaKkmi2ZFxmlRqXrfn15JKxrN-CI7YBb4TQUrap796ABsx5S5-Xw_8o3G02hRsFWK9fKyIjJyVhfMmdQXp1WZfeLI-Iqk_IbsrkzrgU4dL2O7WqA-ml5seh7tHgOvOtKQths8ZxQEu4gAtAR2tx3l05X3kl_NknMihftWqsRxloXVOnok3T93YAZmxS-Qxcz8rDQ4yzGQK6Xl93JDiqBzuYVqwOvuofgIRk4oGIT24Tl-6xcKZxgxQCHWyn6ETvStWcXK_AclAq4kla91bWOeJsf06teVUdzA3uuj0UqzNQ-AMnLCzvNW-hznamUIxzwUNe-erhnqnlRHHetuklbQE7CB2FEKv1yHFwXOh_lzVcZSNYxl3NAgMrC8Tsvf4qeWybAlPnaM9LF-OIf2DwhU8kuLftqH3XrmjkrgfxfxiM5WbE&reqid=jfmO9zrmIPIRj8MP&type=CLICK&pos=43,-1%,4.0,maydocsach,dienthoai,13520000.0
"Máy đọc sách Kindle 2022 (11th) - All new kindle 2022 11th màn hình 6inch 300PPI gấp 2 lần độ sắc nét, 16GB bộ nhớ trong với cổng kết nối USB-C - Hàng nhập khẩu",2680000,https://tka.tiki.vn/pixel/pixel?data=9pWVJ5RWsuwRIRijwqo-IuvrqhHRD6MleqjAMpnxZJ0yAGA6OF6u_GcrgEeYyCXCKqsZace9lithD6_yRTkK5I9F_gCBsRSGVZ0_gzDqGfts3SIu-oqS6bjKVpW69pnyEmr69o0WJYTbuhC5VQkTOGe5OgEYV_ZucELCLHmMznohkrf5bmWU6cPOwYj3Uhm_TQwEnOS6C1I9WPRMV-IPWm9k90ox_4tQXsSXlx8TvCW71g7nqXs0RRfiQOM8x19_fYJSZuZwOz41qWCWY8V6mKjOS9l-5nwamzAT79eQRHDnOLg09cjyJ6hTlQh1YnUnBeVIFdcMasXRKnRvj1ukZ75IeNgnCPi_ZQs50wW-t355hjzvIc9lj2dVWzwm5QCaOwIu1ldP_v5U3EMDAG99cvZ3wCPzD7rlAkOdqu3vzxXtj7AYjfmjGGHBJNBJLJ2X_pi6ZlJ3T2ijEDQdoclHM2Wsfc6jRSY006wk8GCYiLyU4-RO0l_s6mXtBqdIsyfZGMrHWhYyhvFUrrBqwOzTPa1p-1wRSatKIDBaK_Tj9R6r58-tIzBmaIKvQdl7eIw9XgxI-gimCL5Y9ezcGlhUFKT7nsNh8LP7NAQ1NZwTsyuRkEvFe8xl5BZIeXVUxgeWYclkXLVMh0q9XYiy9VcFZdZJyDjequ_nVMqdI4N3lYt1Q5516YMlcD6uM2TMeJjllCYX9ejzg9I0MamjTdYwTseHDdtHPdU-eUDvm8HfugZYW2PwhyC9oGzLi10y0IGfJtuCTBZ6vgkO9ODBu4eKbM1WY7V66HpyRTxp9dqMCwyF_pnQgc2fQxfgqXIK5xzznkCvobL9266ef28qNWqT9hu9ORoxW4KlY8xcGMd8HeEiPYIT5gw7zXW139okqItc_HxAV5F1RuwPhZcON05Hz7Nn-V5sNpxB5wfGNZAypigzb-vV9CQfIQ_1c3G26uRdTKHHx1hsWG8PxlTJ0sTAMm_dA7T8H1RTyZB-eVjXkXo6bmsRYrVVN40ZYbPUBDQoDxIT6jVqshCmAIJ782OeyHXrlo08F_k2HezdtRJWF1DHq3krei5wDRCs9TBjWWtzAjQQ4YRQzq9OYkbJ-zmncE1s0viROp8QWbJO&reqid=jfmO9zrmIPIRj8MP&type=CLICK&pos=44,-8%,8.0,maydocsach,dienthoai,21440000.0
Máy đọc sách All New Kindle Oasis 3 - Hàng nhập khẩu,6690000,https://tka.tiki.vn/pixel/pixel?data=kAotsEvJRBJW9_WrqO609i3aMZlk7GLLMaqtnFCIpQEl72mpGmGZV6P8sb1dsUQWPhuoAb2vkYj2qLzPr4o0XJpETyZPrvENfkv9OQJwism9rlxa2CGdlA6F9EbVEs5mXp6B95WyhUhkcIAHMkPCpotgBDAczmRzJMdb30IIPFe6r-FjSgs4_AycqFIePIwyzJ0U2pcR_zSPUYA1CL9zA_Of1VHDIde1HwiJHSw_f_0L_Logaela5ijY__70ubzMUqCx1rZf7te4XBoU2rq_QIAPZZ0Alo3un-6UuALFDVugmgAiNX4i33VLDaSiGGQEgVheESuhrFEu-Wcy0Abx_zfjsJELzO5GZ0CSMqr9TFmE_iOF1ZpZ_DTVuQI-99nXNFywtqp8-vWJGMBwLXCQbwTmj6IPUA52MOuajcn-mtyBFzVSC55HAyNcPKq2dX37JJ5A8jH61zeXQKjeifxwRfapkMMbL4XOmpb6f92TWNMrTqKhtZobXiUSGNxv25ow55rCPP0U-8sGjwJ9zpDzHM4QTXHRgkgAiwrqEGUhaB90PraT3sL3ifAjRGNhhjoVU2nqfcyKzzqul84JmNm2-0Bo9FY3SU-cz9f7qaogHmDvR6xQ-yVn_SMU6_7ieEAU4Oc7O7FSpA-df0SzWODpyNqmk64sqODu6mrBJUSQwZZLd6w37kVUVw1xLZ8WDvJOs7v-LcZykD8qEi0Kj1VCFGAq2P0LIw--xNfAMiaqY2AzHEUngBtBTl1QvScb61kfBF-75fUNgSrYWFCXmlUxKPsMTCYCJjSmcFP8j5lWgJrAuWS_hRHxenevSTj8IoX-L2N-djGHhkrSwROZ9iyX-_TBFxnSoz9sfiaX4RaK6ylRS0n_ZZsxWGojTuTJLhUz1uzrnDB-S9fP8IIRFTPKYY6G-FNXBB_tagIqltjn8sAzU7SdxcQAh5fDiLVPufSGQ1xpljVOMN7OdGIKOK4SVpNtCm8Pl1slQGk6T6UTU5tJDUNrqqHRv-kClW4&reqid=jfmO9zrmIPIRj8MP&type=CLICK&pos=45,-8%,52.0,maydocsach,dienthoai,347880000.0
Máy đọc sách Onyx Boox Nova Air - Hàng chính hãng,9860000,https://tiki.vn/may-doc-sach-onyx-boox-nova-air-hang-chinh-hang-p185755283.html?spid=185755288,,1.0,maydocsach,dienthoai,9860000.0
"Máy tính bảng Kindle Fire HD8 PLUS 2022 (Fire HD 8 12th) - Màn hình 8inch HD, RAM 3GB, CPU Hexa-core 2.0 GHz, CÀI ĐƯỢC CH PLAY- Hàng nhập khẩu",2762100,https://tiki.vn/may-tinh-bang-kindle-fire-hd8-plus-2022-man-hinh-8inch-hd-ram-3gb-cpu-hexa-core-2-0-ghz-cai-duoc-ch-play-hang-nhap-khau-p217505504.html?spid=217505506,,3.0,maydocsach,dienthoai,8286300.0
Máy đọc sách Kindle Oasis 3 10th - Hàng nhập khẩu,5922100,https://tiki.vn/may-doc-sach-kindle-oasis-3-10th-hang-nhap-khau-p221518066.html?spid=221518070,,1.0,maydocsach,dienthoai,5922100.0
Máy đọc sách Kindle Scribe - Hàng nhập khẩu,12590000,https://tka.tiki.vn/pixel/pixel?data=80dnd3vCOKit3mhF8hvcd_gLihMmWlD5Y5vtJMX0xi1bCrwWE2Gky6YVelSnRt_04Q-9hO2Pdas8CqnQQ302nlzVIKVYaNgOgpybftuMymmAhsf6bOEwlWX9L8XIQlpddluww0S8BCaWLlDDqm4yc2wRldqiVo9K2nPDtsfJ_jF72a0uuUTPJG5De4zo0YeaFeuu17HyZkDOSlRJVwTb_TOH-N2bW4BrKGBnPePEjZidj8qjIFHh5DbwqDeHJD8zHBLIRvQIJzRbQlPm4YqdkIYupAHmGggar0vHM0bLHWV2fJvGkB_WJN7Ju-aNuLMKszFaL51QcVE0-VbCH0qai6RHIg1xhfs5mv9BNt2NkQHnqLIj43_MXEm62bBf7UgunHINu2Pljc9EKSX_-s4BM5F8B1HKYqMePyVvPXE-5QwmepJS7A6ZamxUAxYf0u8KdaqDotcxHXFe3Onsta0yKDHLxYbkdjOFe9z6nNdbC5FLZZUyFf4GOb3jsRY82LSPFKD8MAxKa_9hTkZ4vc1M165oN7dszWFaVCBIG02h4qEGG28qp5bzeVeiX4-w__nsd2FL273Yse-GPQG4F9YbM91Dld0ETqWIRHcgEkTYjaIp-XoZinl_sN1nmeFiV760fsH_ksrMeIf-K4a6Cxgf1HwCyROdM30wWqAMO_FN5fQbLcGf0giOmTXjRA627oYxwMNYyV0v4kco39A_RE5iSPAuCcwXIpDWOxm48p2lHsWT1k1E2bgPCnVzicctqFZ0jslb64kF7wrFHEwCpJbulLOk3AirLExuzpGo7HjbjsPFTfstfNtYiqVLZZg2vPO63LMKOkNWfKqxbVdNPPTTuvoENGZhFjHa28rUSNL6ikjVIvDVDuW0aR-WEQeaeiOmnsk6N2PdLJpC4rwWnIoxTz1TBqwk3NJqrJXQzg32L42dGwws7nO_Y0O31Xdr8NJWo8SYe2ADOCrWFdx5rEPZsvZfMUvO5LPcxpemFy2SWq_OQO60YGZUfPj5IXw&reqid=jfmO9zrmIPIRj8MP&type=CLICK&pos=51,,5.0,maydocsach,dienthoai,62950000.0
Combo Máy đọc sách All New Kindle Paperwhite 5 (11th Gen) - 16Gb và Bao da - Hàng nhập khẩu,3850000,https://tka.tiki.vn/pixel/pixel?data=RRfCAyQ6xF3tsl38pUTJFQ-4AIctVOCqnLPMfwomoc3iu4dTSy9dk9XXR1TZpWo_TEQmqjqBD77cjW8-pQvxe21SbdnmKcoHh3YOI2pkWkvqodky-GSqT9mi0CSz3CnqasGv9hWc2bbL-h03b3aEEgp6tHmonUKqROaBiaYA-yL0h8CY7_o-dANJXvIfgZoj3qNwLuHxT-iMed7MjeG4kS1BjdRlDDI5bmkVP6zKVyFfSgU3uYwepn1a0PL_W4ZWeX9jpO4RzWPQy60cPG2kUsRtFyiBrXdpkaEvJvAV2LeHlLM5WWmLxGE3GcWKx5cS2Wytx2S7TueAYCpCgLoXyDmdhTR9DG_yzf8i3t2TSRd-idpfvHv4omtFlVsawrZukkTt4kkyNmvdwjVyP8v4SgGhv3HXG0KlUW9X9zGnOarLJwvj1hm8uvBZAszJwUyXRqpcLj6DhZuhxGd5-YCwhqz3QmnE41U3z1n9rzvIGR20IrjVdTNPF6_SOlnLi94mYTI5YW5QrqsoznjPFyqKUbXSWz3cTlYZkhUH24vb_IlZU9yUlbbapyAk7savtJUzMqxljzjCamQ86C-h6Quy1P6fowuuT2L1_folobQ_dDhyNZJ_qgUmmMdUzpP05UQZgbr0dWrR8olQPqKWL_WOUCAJ0naHUkCg9bUYWnsuiMf40A57cKvp4p9df1-7pxX0Ay69Tv3duPMsdkDfK4lOcLeMXhIpP6BoPP2H2SzUyCcSjy4lPDwQrUX5H_wqiVQ8GxqFfEncxa_BzrwfWpajuYycICy-e6DbOZXIZrOxqhYoA2fATSqZ1UzXiEODFG81kBhNZe_BE-gH0tbCt75YA-lAAk-jPCsodqDt2YIEvmEhQRvJuJ9nuHeSMh9mDbDp84RiaEwp32SQ08D3pwrTl6jD2G_87EnITcSaekuHfZAhUuO9t89lyCamkFL-dGDMwCc3eZLqic2Peh49r9oCYuSG15fcHx5uq3_atmnvy2oMrqr-g-71bYXgD3vZ8tUXJmWBZA9P4BrCWiwUJCBUxvAug4xrf4KQwdb_qFmKNqdcVpgZ0craoA&reqid=jfmO9zrmIPIRj8MP&type=CLICK&pos=52,,7.0,maydocsach,dienthoai,26950000.0
"Combo Máy đọc sách All New Kindle Paperwhite 5 (11th Gen) và Bao da FOR KIDS (Bản KIDS, Không Quảng Cáo) - Hàng nhập khẩu",3790000,https://tka.tiki.vn/pixel/pixel?data=k-Wo5cLnMaV0e5WAgQ5XoqijXqcgy-myYTRVYq_AFDEnQLIKBP6EkHTrRxNLMiNudlv5Y9JbXGbc6TFppqRqmkjKQWN5DFGvwl3XLikB7X8D9wbPE3dFhfrEW8_Sh1pWxnv3f14Yvh2kfZu1WmcKITwdjj0Et_S0CYVn_fdzxJ1jIphlWoloo30S_yM8t6kPaU0V37AORI1MTyB9jkHlPGjsjKvz3YQVJ-9N3JvM8GlHXIY7ZB4BAuMWwXWxV6U6LXCcjjYS1ovhuC1aQQUOjedYiEY-Bjr95Y8l__En1RiTP7hD2Tch1FM0S5RSlpBNuKye9E_QNj2j-5u40pFkdAblEpQ6X8Zt3vGXRnsdePXyLbme5XhrvxPGabW8zCLytUxIgaYrE16--ZTiUwJqfhNPsJYCo28zJWn7mbsZEQJxy323uOaNHkdNsRPrgiBcb93yG8sHM4CPVvY00MM6cWY9GZrcWDSinQFix0bBeTxsgHdx-3uJImj3lRq9G99I4jv1xsOXDixtMYVRYzl9Nj2aNUrYJKwWbCPScLgeEebxCvM1o9FhVJjW0i6z8_WMKcpV-orvKYGVJyStlce9mvNDeu5gxAV2sIKF6f2tx8Bi0qcVaTmCGx4EBtNoN6Nv64hz_qBXBNTgbvdSt3_SFtJAuc4Y8HGKG33mg-GjrClMisLZ-yAEoCeuoKHCzpfkIzZdXUQSNbpOYQEN4ew7nVWs89KCCHbtNmm7_R2zx7Vhnrr2F1FWW-X7aMz7MqZsmaqNAOBrBsgFoMmlcjez08NhUPSUGuUqWkliHQVDgHu--M6rstkdQWh0eJ_K3uNhDc7hOCdD3LHXSWljqr6Q1IvApxm26SO501151oickZtpeUFPaY1Zf2JKyvgHJHBwtk5dBVmwnC5jVK4CZucsOtsilMa52MDHDj8P-cUIdRTLUW022lrbfW163oktjbl6h5QYxxxDsU7IULx7eTeN9X0W2ELhExnPFa7wFmyOlX1kS4u__Fkqa1brkdu2ws6n8BSVTWuyX2Dbm1c-5BwY4HGXesVTOOtOEGELq011uOAkInvFu8-QAeicXhsbBiu96oD5GGd3GavuOjBvNNA7PWUj-ExdWYE&reqid=jfmO9zrmIPIRj8MP&type=CLICK&pos=53,,3.0,maydocsach,dienthoai,11370000.0
Máy đọc sách Kindle Oasis 3 (2019) - Amazon - Hàng nhập khẩu,5790000,https://tka.tiki.vn/pixel/pixel?data=ynxos38nnnigu1aIncxuKCGJyFtFMZ6VRa0RJFwsvlsPtA-MD4Dz26dSQo2vc2k3_1IZxFu0TkGS8Oxfyv_dfrpYAyeDuss_3qCIrZNo08GPEV0bGV1IEJvL6NlRMoHjpCCSy03stsKiNIBkcQtEuBeMDr8wOWBsfrNKiYb9ionrK5kiErouffUBm8v4XvQtTO1MPS9e1CyYLsoylXhxHa6Y91CMEg_mpv_y_rb7jOfbRy7l5wtRxneCFUdEwzqYYEG9_6Dq6mTI4OiaAhwsclvb1amkYLZqR1_cRnr0V_d12RL-kDFWFt-Sztli42HaCgfYMT7U2AE7o4nnj896Bny1TDNWxNfrzAFYNcGQZ6ESrU1JybtIyxL-s1WPAYvN4osp4fxYSbQJ8b_qmksAD7_QJ7fK8GhABv9MaIwImVVmh9GkUXfvFKltG44Uu3AN40q3moxdWZEDZ0xFgC8pEkJeJVuAYssHGAeUQ_e3J4Ly6_B2gzpo_3wWG5HHJ159qSLn8m0XReTsnfMs1xcdi6Hoby8k8zjlQW6y-7uBdzTou-IJ5EZNwwTkZfybgaE48pD022ZqiCDsRnl1jJYlXbymKS5CGmBaibKHKjGFX7ZzfhP9AFtklO1JvIttzsbRbBliCIsmwaUOLb6pT9nS0ej_5e5HP_kyal283DFEHMj6rpXYzmKUKY_u05wJ09O0mJAP7u7sTHK0g-yO0qdvHiyunJ03QzE3IjqLB8UakfLSWo9274iEZyml9x0yrVVIlkjGXJ2eUAaWSTdOQia-vbsYkxXmMtrcpntv--JAnulOA-RHoFzZNx13OvkjiDC0hw_On49HTKFpZ4qHMdEKFDL8EycVs1X_897wx2o94nfmNWqTWMoIRjk20KpQYABrB4yf4V0KXr4Zw6FbjQfgymh3n_Pf_RxMXeLVKQ2Y8Rh_BoUk-gdKUFwek7NWvj4KEFCRuQnNDtaPCY0xZGuy9fH-cQn_d7Gtjn5Nx1Oxgb_F0QvLC3NHUVBP5L1-A6c&reqid=jfmO9zrmIPIRj8MP&type=CLICK&pos=54,,34.0,maydocsach,dienthoai,196860000.0
Máy Đọc Sách Likebook P10 - Hàng chính hãng,9090000,https://tiki.vn/may-doc-sach-likebook-p10-hang-chinh-hang-p91281318.html?spid=91281319,,6.0,maydocsach,dienthoai,54540000.0
Bút học tiếng Anh i-Tek Venus 2023 (HÀNG CHÍNH HÃNG),560000,https://tiki.vn/but-hoc-tieng-anh-i-tek-chinh-hang-p197922924.html?spid=197922929,,1.0,maydocsach,dienthoai,560000.0
Máy Tính Bảng Samsung Galaxy Tab A7 3GB/64GB - Hàng Chính Hãng,7026000,https://tiki.vn/may-tinh-bang-samsung-galaxy-tab-a7-3gb-64gb-hang-chinh-hang-p136876846.html?spid=136876850,-15%,2.0,maytinhbang,dienthoai,14052000.0
Điện Thoại Masstel Tab 10A 3GB/32GB - Hàng Chính Hãng,2919000,https://tiki.vn/dien-thoai-masstel-tab-10a-3gb-32gb-hang-chinh-hang-p160450655.html?spid=160450659,-21%,5.0,maytinhbang,dienthoai,14595000.0
Điện thoại Xiaomi Redmi A2 (2GB/32GB) - Hàng chính hãng,1690000,https://tiki.vn/dien-thoai-xiaomi-redmi-a2-2gb-32gb-hang-chinh-hang-p273096928.html?spid=273096930,,1.0,maytinhbang,dienthoai,1690000.0
Máy tính bảng Samsung Galaxy Tab A7 Lite - Hàng chính hãng,3587000,https://tiki.vn/may-tinh-bang-samsung-galaxy-tab-a7-lite-hang-chinh-hang-p217158529.html?spid=217158532,,1.0,maytinhbang,dienthoai,3587000.0
Máy Đọc Sách Kindle Oasis 32G - Hàng Nhập Khẩu - Xám,7499000,https://tiki.vn/may-doc-sach-kindle-oasis-32g-hang-nhap-khau-xam-p2360457.html?spid=17616570,,7.0,maytinhbang,dienthoai,52493000.0
Máy tính bảng Samsung Galaxy Tab A8 - Hàng chính hãng,5856000,https://tiki.vn/may-tinh-bang-samsung-galaxy-tab-a8-hang-chinh-hang-p160556149.html?spid=196285500,,1.0,maytinhbang,dienthoai,5856000.0
Máy tính bảng Samsung Galaxy Tab A8 (4GB/64GB) - Hàng Chính Hãng,5856000,https://tiki.vn/may-tinh-bang-samsung-galaxy-tab-a8-4gb-64gb-hang-chinh-hang-p158742790.html?spid=196284923,,1.0,maytinhbang,dienthoai,5856000.0
"Máy tính bảng Masstel Kidzone dành cho bé - quản lý thời gian cho bé - bé học tốt, hiệu quả cao - 1 đổi 1 trong 100 ngày - Hàng chính hãng",3990000,https://tiki.vn/may-tinh-bang-masstel-kidzone-danh-cho-be-quan-ly-thoi-gian-cho-be-be-hoc-tot-hieu-qua-cao-1-doi-1-trong-100-ngay-p273659145.html?spid=273659166,,1.0,maytinhbang,dienthoai,3990000.0
Máy tính bảng Xiaomi Redmi Pad SE 6GB - 128GB - Hàng chính hãng - Đã kích hoạt bảo hành điện tử,4890000,https://tiki.vn/may-tinh-bang-xiaomi-redmi-pad-se-6gb-128gb-p272362704.html?spid=273719406,,8.0,maytinhbang,dienthoai,39120000.0
Điện thoại Samsung Galaxy Z Flip 4 (8GB/256GB),10990000,https://tka.tiki.vn/pixel/pixel?data=5F3PF8ZnnX8F21hfnSW5OCjOr1Gpzc2SiwB0jFzVbUtGaqJ45W9SImUvd8lsZ-Zj_4nY4qRPFZ4bsC4ReWyIK8wEGnILq0r9VGH_wLV_yZ4GjSbOgOuP-zA_22YVm4kFb-sJraoXWeeYEagAWtDfSpI0zb5zkIuFLa-FZ0GZk5kRqA-jKhlCTK5wEd_3S-4_4oyTMQa_LO7LzJFsmqtbVP0hMF5XNHuIC_NwCbVgfLOVCow2PL8JbCcCaC-CLp5FmOWMhVjr5ic37-LC4IYFt4jVb8TEOIZj_RDj8U6lbdqc-BpYp7gbPHaYX8G9WsfLylyhwf6vcmdDQfL5VA2itfB9mUHRqbX_y-tb8p1cYmYyCA1VON5pQO-MPKKi1Qtv8zwDrVTQSl0w7h3klTphRx_CQfmO4SMaomhRy1qFMwk7iGUwrWD2mYfhmrnb7540y-1wPs2y3_4kps13gBYv8vek4O8KrW5MFSjBehr1ywhgfOB2yr0gVT0fCHukuxyaBLOcRm1M0kUzuWeJ_cMAUC_A5FM0YE5Rk6mtmyn56nTmoXd7KAs1ypKV4Dbeg011kSV0CXqGizxZ-Gw9tsx54jwqYRoTAMoQ8V9LS5sqp290jvz19lF1mqPoK3hgpirWDPz_IbwyaJLH8SE2ps51hpZ2VtwMWpSP4nCr4_Y_AbvkNKxe-0J3FkiUcLOmD4345pqJrF0b-E3ZW7p3B5b5dK-h8xuZ1ogAtRkkzfn-mCVxaGoo3Dk9F_E5KqrAIs1Wm3hXCJCtgz8iwh60WBdGfF58e7SGr6UWEYek-pekjfw2ZLDJP66s7Kr2FFuBj3qfdWtu7QZjb2Fc4wmG8gb3dfxcS5sB7Vo5XAbdUsXyPkFpFlHGrsPiaMHL_u3lNpoTyfE_GUE8sMe3usyM9NoDBI0RoVapzjaCaRvs5-Qnp0E9TOojbwIjMawgX2sQ5JpPirJYzV61yKcRxegF9XyhCHWtrYoPiGnsVKim9VjPixNlZXgsGbqwSUQstrdmvW1lD8vX0foDzYjdQ5oOj4PAHPYMTftQVCqHdZc&reqid=Dqb7nhL73TlZbajn&type=CLICK&pos=1,-58%,98.0,smartphone,dienthoai,1077020000.0
Điện Thoại Oppo A57 4GB/128GB - Hàng Chính Hãng,3350000,https://tiki.vn/dien-thoai-oppo-a57-4gb-128gb-hang-chinh-hang-p205750556.html?spid=263117365,-33%,5000.0,smartphone,dienthoai,16750000000.0
Điện Thoại Oppo A17k (3GB/64GB),2390000,https://tiki.vn/dien-thoai-oppo-a17k-3gb-64gb-hang-chinh-hang-p203853390.html?spid=203853394,-27%,5000.0,smartphone,dienthoai,11950000000.0
Điện thoại Xiaomi Redmi 9A (2GB/32GB),1790000,https://tiki.vn/dien-thoai-xiaomi-redmi-9a-2gb-32gb-hang-chinh-hang-p57809866.html?spid=57809868,-28%,5000.0,smartphone,dienthoai,8950000000.0
iPhone 15 Pro Max,31990000,https://tiki.vn/apple-iphone-15-pro-max-p271973414.html?spid=271973470,-4%,722.0,smartphone,dienthoai,23096780000.0
Apple iPhone 13,15490000,https://tiki.vn/apple-iphone-13-hang-chinh-hang-p184059211.html?spid=123547399,-38%,5000.0,smartphone,dienthoai,77450000000.0
iPhone 15 Pro 128GB Titan Tự Nhiên,26990000,https://tiki.vn/apple-iphone-15-pro-p271972435.html?spid=271972439,-4%,253.0,smartphone,dienthoai,6828470000.0
Điện Thoại Samsung Galaxy S20 FE (8GB/256GB) Xanh Thanh Mát - Đã kích hoạt bảo hành điện tử - Hàng Chính Hãng,7090000,https://tiki.vn/dien-thoai-samsung-galaxy-s20-fe-8gb-256gb-hang-chinh-hang-da-kich-hoat-bao-hanh-dien-tu-p175845367.html?spid=175845371,-29%,699.0,smartphone,dienthoai,4955910000.0
Điện Thoại Oppo Reno8 5G (8GB/256GB),6290000,https://tiki.vn/dien-thoai-oppo-reno8-5g-8gb-256gb-hang-chinh-hang-p194487223.html?spid=194487227,-37%,271.0,smartphone,dienthoai,1704590000.0
Điện thoại Samsung Galaxy A05 (4GB/128GB) - Đã kích hoạt bảo hành điện tử -Hàng chính hãng,2590000,https://tiki.vn/dien-thoai-samsung-galaxy-a05-4gb-128gb-da-kich-hoat-bao-hanh-dien-tu-hang-chinh-hang-p273258830.html?spid=273258976,-15%,92.0,smartphone,dienthoai,238280000.0
Điện thoại Samsung Galaxy M14 5G (6GB/128GB) - Đã kích hoạt bảo hành điện tử - Hàng chính hãng,3990000,https://tiki.vn/dien-thoai-samsung-galaxy-m14-5g-6gb-128gb-da-kich-hoat-bao-hanh-dien-tu-hang-chinh-hang-p270978486.html?spid=270978502,-27%,73.0,smartphone,dienthoai,291270000.0
iPhone 15,20990000,https://tiki.vn/apple-iphone-15-p271966786.html?spid=271966792,-7%,318.0,smartphone,dienthoai,6674820000.0
Điện thoại Realme C55 (6GB/128GB) - Hàng chính hãng,3590000,https://tiki.vn/ddien-thoai-realme-c55-6gb-128gb-hang-chinh-hang-p247823537.html?spid=247823541,-25%,168.0,smartphone,dienthoai,603120000.0
iPhone 15 Plus,23990000,https://tiki.vn/apple-iphone-15-plus-p271967379.html?spid=271967576,-8%,142.0,smartphone,dienthoai,3406580000.0
Điện thoại Xiaomi Redmi Note 12 (8GB/128GB) - Hàng chính hãng,4290000,https://tiki.vn/dien-thoai-xiaomi-redmi-note-12-8gb-128gb-hang-chinh-hang-p271046571.html?spid=271046583,-10%,96.0,smartphone,dienthoai,411840000.0
Apple iPhone 11,11490000,https://tiki.vn/apple-iphone-11-p184036446.html?spid=32033732,-28%,5000.0,smartphone,dienthoai,57450000000.0
Điện thoại Xiaomi Redmi 10 2022 (4GB/128GB) - Hàng chính hãng,2790000,https://tiki.vn/dien-thoai-xiaomi-redmi-10-2022-4gb-128gb-hang-chinh-hang-p272151221.html?spid=272151254,-30%,47.0,smartphone,dienthoai,131130000.0
Điện thoại Samsung Galaxy A34 5G (8GB/128GB) - Đã kích hoạt bảo hành điện tử - Hàng chính hãng,5490000,https://tiki.vn/dien-thoai-samsung-galaxy-a34-5g-8gb-128gb-da-kich-hoat-bao-hanh-dien-tu-hang-chinh-hang-p270978283.html?spid=270978315,-35%,80.0,smartphone,dienthoai,439200000.0
Điện thoại Xiaomi Redmi Note 12 (4GB/128GB) - Hàng chính hãng,3650000,https://tiki.vn/dien-thoai-xiaomi-redmi-note-12-4gb-128gb-hang-chinh-hang-p250109584.html?spid=271046178,-27%,87.0,smartphone,dienthoai,317550000.0
Điện thoại Samsung Galaxy A04 (3GB/32GB) - Đã kích hoạt bảo hành điện tử - Hàng chính hãng,1999000,https://tiki.vn/dien-thoai-samsung-galaxy-a04-3gb-32gb-da-kich-hoat-bao-hanh-dien-tu-hang-chinh-hang-p257682739.html?spid=257682775,-33%,67.0,smartphone,dienthoai,133933000.0
Apple iPhone 14,18490000,https://tiki.vn/apple-iphone-14-p197214029.html?spid=197214045,-26%,524.0,smartphone,dienthoai,9688760000.0
Điện Thoại Oppo Reno 10 5G (8GB/256GB) - Hàng Chính Hãng,9550000,https://tiki.vn/dien-thoai-oppo-reno-10-8gb-256gb-hang-chinh-hang-p270875813.html?spid=270875858,-13%,23.0,smartphone,dienthoai,219650000.0
Điện thoại Nokia C32 (4GB/128GB) - Hàng chính hãng,2790000,https://tiki.vn/dien-thoai-nokia-c32-4gb-128gb-hang-chinh-hang-p270447782.html?spid=270447787,-15%,91.0,smartphone,dienthoai,253890000.0
Điện thoại Xiaomi Redmi Note 10 JE 5G 4GB/64GB - Màn 90HZ - Chống Nước IP68 - Hàng Nhập Khẩu - Bản quốc tế,2375000,https://tiki.vn/dien-thoai-xiaomi-redmi-note-10-je-5g-4gb-64gb-man-90hz-chong-nuoc-ip68-hang-nhap-khau-ban-quoc-te-p230155305.html?spid=230155311,-40%,99.0,smartphone,dienthoai,235125000.0
Điện thoại Xiaomi Redmi Note 12 (8GB/128GB) - Hàng chính hãng,4400000,https://tiki.vn/dien-thoai-xiaomi-redmi-note-12-8gb-128gb-hang-chinh-hang-p250111470.html?spid=250111476,-24%,71.0,smartphone,dienthoai,312400000.0
Điện thoại Tecno POVA 5 (8+8)/128GB - MediaTek Helio G99 - Sạc nhanh 45W - 6.8'' FHD+120HZ - Hàng Chính Hãng - BH 13 Tháng,3985000,https://tiki.vn/dien-thoai-tecno-pova-5-8-8-128gb-mediatek-helio-g99-sac-nhanh-45w-6-8-fhd-120hz-hang-chinh-hang-bh-13-thang-p270814388.html?spid=270814390,-11%,65.0,smartphone,dienthoai,259025000.0
Điện thoại Xiaomi Redmi Note 10T 5G 4GB/64GB - Màn 90HZ - Chống Nước IP68 - Hàng Nhập Khẩu - Bản quốc tế,2444000,https://tiki.vn/dien-thoai-xiaomi-redmi-note-10t-5g-4gb-64gb-man-90hz-chong-nuoc-ip68-hang-nhap-khau-ban-quoc-te-p230157205.html?spid=230157209,-42%,59.0,smartphone,dienthoai,144196000.0
Apple iPhone 14 Plus,20990000,https://tiki.vn/apple-iphone-14-plus-p197214015.html?spid=197214019,-25%,368.0,smartphone,dienthoai,7724320000.0
Điện Thoại Samsung Galaxy A04e (3GB/32GB)- Hàng Chính Hãng,2025000,https://tiki.vn/dien-thoai-samsung-galaxy-a04e-3gb-32gb-hang-chinh-hang-p214603586.html?spid=225211054,-25%,45.0,smartphone,dienthoai,91125000.0
Điện thoại Xiaomi Redmi 10C (4GB/128GB),2690000,https://tiki.vn/dien-thoai-xiaomi-redmi-10c-4gb-128gb-hang-chinh-hang-p171897574.html?spid=216003203,-39%,257.0,smartphone,dienthoai,691330000.0
Điện thoại Samsung Galaxy A05s (4GB/128GB) - Đã kích hoạt bảo hành điện tử - Hàng chính hãng,3090000,https://tiki.vn/dien-thoai-samsung-galaxy-a05s-4gb-128gb-da-kich-hoat-bao-hanh-dien-tu-hang-chinh-hang-p273258825.html?spid=273259161,-22%,66.0,smartphone,dienthoai,203940000.0
Điện Thoại Oppo A78 8GB/256GB - Hàng Chính Hãng,6190000,https://tiki.vn/dien-thoai-oppo-a78-8gb-256gb-hang-chinh-hang-p270160350.html?spid=270161021,-11%,20.0,smartphone,dienthoai,123800000.0
Điện thoại Nokia C30 2GB/32GB - Hàng chính hãng,1550000,https://tiki.vn/dien-thoai-nokia-c30-2gb-32gb-hang-chinh-hang-p125590981.html?spid=125590983,-38%,114.0,smartphone,dienthoai,176700000.0
Điện Thoại Smartphone KXD EL D68 3GB/32GB - Hàng chính hãng,1059000,https://tiki.vn/dien-thoai-smartphone-kxd-el-d68-3gb-32gb-hang-chinh-hang-p215902961.html?spid=215902963,-18%,75.0,smartphone,dienthoai,79425000.0
Điện Thoại Samsung A05s 4GB/128GB - Hàng Chính Hãng,3289000,https://tiki.vn/dien-thoai-samsung-a05s-4gb-128gb-hang-chinh-hang-p272348047.html?spid=272348053,-44%,20.0,smartphone,dienthoai,65780000.0
Điện thoại Xiaomi Redmi 12C (3GB/32GB) - Hàng chính hãng,2009000,https://tiki.vn/dien-thoai-xiaomi-redmi-12c-3gb-32gb-hang-chinh-hang-p248590019.html?spid=248590023,-26%,49.0,smartphone,dienthoai,98441000.0
Apple iPhone 12,12650000,https://tiki.vn/apple-iphone-12-hang-chinh-hang-p123345348.html?spid=70766425,-28%,2800.0,smartphone,dienthoai,35420000000.0
Điện thoại Xiaomi Redmi Note 12S 4G (8GB/256GB) - Hàng chính hãng,4790000,https://tiki.vn/dien-thoai-xiaomi-redmi-note-12s-4g-8gb-128gb-hang-chinh-hang-p259542697.html?spid=259542703,-34%,59.0,smartphone,dienthoai,282610000.0
Điện Thoại Samsung A34 5G 8GB/128GB - Hàng Chính Hãng,5622000,https://tiki.vn/dien-thoai-samsung-a34-5g-8gb-128gb-hang-chinh-hang-p248762051.html?spid=248762055,-14%,15.0,smartphone,dienthoai,84330000.0
Điện Thoại Samsung A05 4GB/128GB - Hàng Chính Hãng,2669000,https://tiki.vn/dien-thoai-samsung-a05-4gb-128gb-hang-chinh-hang-p272328188.html?spid=272328192,-32%,13.0,smartphone,dienthoai,34697000.0
Điện Thoại Samsung A54 5G 8GB/128GB - Hàng Chính Hãng,7169000,https://tiki.vn/dien-thoai-samsung-a54-5g-8gb-128gb-hang-chinh-hang-p248688169.html?spid=248688173,,16.0,smartphone,dienthoai,114704000.0
Điện Thoại Xiaomi Redmi 10C 4GB/128GB - Hàng Chính Hãng,2850000,https://tiki.vn/dien-thoai-xiaomi-redmi-10c-4gb-128gb-hang-chinh-hang-p170775712.html?spid=216725338,,1.0,smartphone,dienthoai,2850000.0
Điện Thoại Samsung A15 8GB/128GB - Hàng Chính Hãng,4479000,https://tiki.vn/dien-thoai-samsung-a15-8gb-128gb-hang-chinh-hang-p273718967.html?spid=273718971,-10%,1.0,smartphone,dienthoai,4479000.0
Điện thoại Xiaomi Redmi Note 12 Pro (8GB/256GB) - Hàng chính hãng,7990000,https://tiki.vn/dien-thoai-xiaomi-redmi-note-12-pro-8gb-256gb-hang-chinh-hang-p262514707.html?spid=262514715,,1.0,smartphone,dienthoai,7990000.0
Điện Thoại Vivo T1x 4GB/64GB - Hàng Chính Hãng,3619000,https://tiki.vn/dien-thoai-vivo-t1x-4gb-64gb-hang-chinh-hang-p196760330.html?spid=196760334,-2%,4.0,smartphone,dienthoai,14476000.0
Điện Thoại Samsung Galazy A15 LTE (8GB/128GB)- Đã Kích Hoạt Bảo Hành Điện tử - Hàng Chính Hãng - Xanh Lạc Quan,4490000,https://tiki.vn/dien-thoai-samsung-galazy-a15-lte-8gb-128gb-p273610375.html?spid=273610756,,19.0,smartphone,dienthoai,85310000.0
Điện Thoại Xiaomi Redmi 10 4GB/128GB - Hàng Chính Hãng,3129000,https://tiki.vn/dien-thoai-xiaomi-redmi-10-4gb-128gb-hang-chinh-hang-p121744434.html?spid=121744436,,128.0,smartphone,dienthoai,400512000.0
Điện Thoại Vivo V25 Pro 5G (8GB/128GB) - Hàng Chính Hãng,8090000,https://tiki.vn/dien-thoai-vivo-v25-pro-5g-8gb-128gb-hang-chinh-hang-p202269832.html?spid=202332195,,2.0,smartphone,dienthoai,16180000.0
Điện thoại Realme C51 (4GB/128GB) - Hàng chính hãng,3290000,https://tiki.vn/dien-thoai-realme-c51-4gb-128gb-hang-chinh-hang-p271467653.html?spid=273467296,,1.0,smartphone,dienthoai,3290000.0
Điện Thoại Samsung A54 5G 8GB/256GB - Hàng Chính Hãng,7919000,https://tiki.vn/dien-thoai-samsung-a54-5g-8gb-256gb-hang-chinh-hang-p273664106.html?spid=273664112,,1.0,smartphone,dienthoai,7919000.0
Điện thoại Samsung Galaxy Z Flip 4 (8GB/256GB),10990000,https://tka.tiki.vn/pixel/pixel?data=a2F4TwJykqtX_zbQjcIY6Vl7rm-emAc--SL1b1R_xY-L0aUp24nVAo1-NR8jZh5Ty0pkWg45sAuQi3ZvBLS7b9NfHCZYoIiavrOOv8sQhz8bK-uANiq6lLKxw5u8dngwqSyT4BJT-xIzfAxT1ulD7QpbZcatJu-gI54oYjNibsyU8byjV7WIV_IKNZzOZvGrERBhs9QX1QfcNcBlPkXqeMpCHBxpFMtjcYjvYOOSqNO62hkrtUmcF6vP8-n3pwJJLrGwgj-t_rYV-HR1bVObJRlRHkrrXDX7F9ZL93iQsYF9CFp4lBfBo8ymDSSCssWMTNKCHxZUamAkX7phrezZ-ZC_IqjHxn2dRkrZZfv0qL862pVLIUEvTiiwgg7mzAQrbVlYKJySmGY5patOCKAZ4qAIDxxq8zbT1teZf__HLhCCgUwkTwc-R1mAIkO7NYExQal5XGK0t0y5JYoS81CuQvLfHRG0dKbA572duQf344iioLXl71WopHzPZiYZoxsM2urUz6ds1ZIyclgEM-_SPR-RkgvJbYU4Gp4_9iuaqDnOYqbizKKQECnZxabe9ojbT9f-FylRONGKiRJSgIbmL4wzTt1MsqPKscF_DvD60UUZnnLy0UpYI1nSOCugxFuFoGp6VtHfa_KhDbxVLHlPto46VqD1lHTBCFoCBHtEAwv5ogAAQDzJGDpJ6sgOAFmHCm5V0HYfDBIS3DujFewGCCQkmu1Rw9GbIs-XaPa7rMI17tkwZq_QFmbcHYktWtyfTwYjSM4GdDQSYViztw6st931dRaLa8_jFGMFqK9_p4vEtAGWUwMw0EP5pVQYC0dyxeqWAhEDnnneEL3vutdAHf3suvDdddJgxFYM5IWPrXUbXAnjL1Vn5XIP30pQM8EC8SrTPwRH7xfwA9SjICfTnP6xkTZMywPZ4jd-jBso4pjtE48lgwcBYjrxQZk8949Zzx6m2e_WK10uLRH470YyTcMbyxUZToIbeayU1P8fu3WiMGDYcgVRd79y4FsNyVO8U_2iqe4Xh4PyKwCHavP5x9izv4azMD72V3TF&reqid=HaqSdgiWVn3t0qwV&type=CLICK&pos=41,-58%,98.0,smartphone,dienthoai,1077020000.0
Điện thoại OPPO A55s 5G 4GB/64GB - Màn 90hz - Chống nước IP68 - Hàng nhập khẩu - Bản quốc tế,2832000,https://tiki.vn/dien-thoai-oppo-a55s-5g-4gb-64gb-man-90hz-chong-nuoc-ip68-hang-nhap-khau-ban-quoc-te-p230203067.html?spid=230203073,-23%,24.0,smartphone,dienthoai,67968000.0
Điện Thoại Vsmart Bee Lite 2GB/16GB - Hàng Chính Hãng,940000,https://tiki.vn/dien-thoai-vsmart-bee-lite-2gb-16gb-hang-chinh-hang-p140184098.html?spid=140184100,-53%,80.0,smartphone,dienthoai,75200000.0
Điện thoại Xiaomi Redmi 13C (6GB/128GB) - Hàng chính hãng - Đã kích hoạt bảo hành điện tử,2900000,https://tiki.vn/dien-thoai-xiaomi-redmi-13c-6gb-128gb-hang-chinh-hang-da-kich-hoat-bao-hanh-dien-tu-p273378164.html?spid=273378170,-17%,2.0,smartphone,dienthoai,5800000.0
Điện Thoại Xiaomi Redmi Note 12 8GB/128GB - Hàng Chính Hãng,4439000,https://tiki.vn/dien-thoai-xiaomi-redmi-note-12-8gb-128gb-hang-chinh-hang-p272056193.html?spid=272056197,-23%,6.0,smartphone,dienthoai,26634000.0
Điện thoại Samsung Galaxy M34 5G (8GB/128GB) - Hàng chính hãng,6419000,https://tiki.vn/dien-thoai-samsung-galaxy-m34-5g-8gb-128gb-hang-chinh-hang-p272234493.html?spid=272234497,-20%,1.0,smartphone,dienthoai,6419000.0
Điện thoại OPPO A58 (6GB/128GB) - Hàng Chính Hãng,4290000,https://tiki.vn/dien-thoai-oppo-a78-6gb-128gb-hang-chinh-hang-p271087979.html?spid=271117939,,12.0,smartphone,dienthoai,51480000.0
Điện Thoại Itel S23 4GB/128GB | Pin 5000mAh | 6.6 Inch | Camera 50MP | HÀNG CHÍNH HÃNG,2090000,https://tiki.vn/dien-thoai-itel-s23-4gb-128gb-pin-5000mah-6-6-inch-camera-50mp-hang-chinh-hang-p270714226.html?spid=270714228,-26%,28.0,smartphone,dienthoai,58520000.0
Điện thoại Samsung Galaxy M34 5G (8GB/128GB) - Hàng chính hãng,6990000,https://tiki.vn/dien-thoai-samsung-galaxy-m34-8gb-128gb-hang-chinh-hang-p272273169.html?spid=272273185,,7.0,smartphone,dienthoai,48930000.0
Điện thoại Xiaomi Redmi Note 12S (8GB/256GB) - Hàng chính hãng,4919000,https://tiki.vn/dien-thoai-xiaomi-redmi-note-12s-8gb-256gb-hang-chinh-hang-p262304313.html?spid=262304317,,7.0,smartphone,dienthoai,34433000.0
Điện thoại Xiaomi Redmi Note 12 Pro 5G (8GB/256GB) - Hàng chính hãng,8390000,https://tiki.vn/dien-thoai-xiaomi-redmi-note-12-pro-5g-8gb-256gb-hang-chinh-hang-p250113073.html?spid=250115036,-26%,21.0,smartphone,dienthoai,176190000.0
"Điện thoại thông minh siêu bền Oukitel WP28 (màn hình 6.52‘' ,HD+ ,pin 10600mAh ,Ram 15Gb(8GB+7Gb),Rom 256GB ,Android13, camera 48MP)-hàng chính hãng",4990000,https://tiki.vn/dien-thoai-thong-minh-sieu-ben-oukitel-wp28-man-hinh-6-52-hd-pin-10600mah-ram-15gb-8gb-7gb-rom-256gb-android13-camera-48mp-hang-chinh-hang-p271798615.html?spid=271798616,-18%,2.0,smartphone,dienthoai,9980000.0
Điện Thoại Samsung Galaxy S23 Ultra 5G (8GB/256GB) - Hàng Chính Hãng,22490000,https://tiki.vn/dien-thoai-samsung-galaxy-s23-ultra-5g-8gb-256gb-hang-chinh-hang-p225381612.html?spid=225381618,-15%,9.0,smartphone,dienthoai,202410000.0
Điện Thoại Xiaomi Redmi Note 12 4GB/128GB - Hàng Chính Hãng,3669000,https://tiki.vn/dien-thoai-xiaomi-redmi-note-12-4gb-128gb-hang-chinh-hang-p249890677.html?spid=249890681,,123.0,smartphone,dienthoai,451287000.0
Điện thoại Samsung Galaxy Z Fold 5 - Hàng chính hãng,36990000,https://tiki.vn/dien-thoai-samsung-galaxy-z-fold-5-hang-chinh-hang-p270736028.html?spid=270736045,,9.0,smartphone,dienthoai,332910000.0
Điện thoại Xiaomi 13T Pro (12GB/512GB) - Hàng chính hãng,14500000,https://tiki.vn/dien-thoai-xiaomi-13t-pro-12gb-512gb-hang-chinh-hang-p272397263.html?spid=272397285,-12%,1.0,smartphone,dienthoai,14500000.0
Điện thoại Tecno POVA 5 (8+8)/256GB - MediaTek Helio G99 - Sạc nhanh 45W - 6.8'' FHD+120HZ - Hàng Chính Hãng - BH 13 Tháng,4650000,https://tiki.vn/dien-thoai-tecno-pova-5-8-8-256gb-mediatek-helio-g99-sac-nhanh-45w-6-8-fhd-120hz-hang-chinh-hang-bh-13-thang-p270814316.html?spid=270814322,,14.0,smartphone,dienthoai,65100000.0
Điện Thoại Samsung Galaxy Z Flip5 5G - Hàng Chính Hãng - Đã kích hoạt bảo hành điện tử,17500000,https://tiki.vn/dien-thoai-samsung-galaxy-z-flip5-5g-8gb-512gb-hang-chinh-hang-da-kich-hoat-bao-hanh-dien-tu-p271152577.html?spid=271152583,-30%,1.0,smartphone,dienthoai,17500000.0
[Mới] Điện thoại vivo V29e 5G (8GB/256GB) - Hàng Chính Hãng - Camera Selfie 50 MP - Vòng Sáng Aura 2.0 - Màn hình AMOLED 6.67,8690000,https://tiki.vn/moi-dien-thoai-vivo-v29e-5g-8gb-256gb-camera-selfie-50-mp-vong-sang-aura-2-0-man-hinh-amoled-6-67-p272909668.html?spid=272909673,-7%,2.0,smartphone,dienthoai,17380000.0
Điện Thoại Itel S23 128GB/16GB (8GB+8GB) | Pin 5000mAh | 6.6 Inch | Camera 50MP | 90Hz | Face ID - Hàng chính Hãng,2440000,https://tiki.vn/dien-thoai-itel-s23-128gb-16gb-8gb-8gb-pin-5000mah-6-6-inch-camera-50mp-90hz-face-id-hang-chinh-hang-p258373871.html?spid=258373875,,34.0,smartphone,dienthoai,82960000.0
Điện thoại Tecno CAMON 20 Pro 8GB/256GB - Camera 64MP + 32MP | Helio G99 | 5000 mAh/ 33W | 6.7'' FHD AMOLED - Hàng Chính Hãng - BH 13 Tháng,5085000,https://tiki.vn/dien-thoai-tecno-camon-20-pro-8gb-256gb-camera-64mp-32mp-helio-g99-5000-mah-33w-6-7-fhd-amoled-hang-chinh-hang-bh-13-thang-p263073487.html?spid=263073489,-19%,16.0,smartphone,dienthoai,81360000.0
Điện thoại Tecno SPARK 10 4GB/128GB - Camera 50MP | 5000 mAh | Sạc nhanh 18W | Cảm ứng vân tay - Hàng chính hãng,2970000,https://tiki.vn/dien-thoai-tecno-spark-10-4gb-128gb-camera-50mp-5000-mah-sac-nhanh-18w-cam-ung-van-tay-hang-chinh-hang-p252423003.html?spid=252423005,-22%,23.0,smartphone,dienthoai,68310000.0
Điện thoại TECNO Spark 10 4GB+4GB/128GB - RAM mở rộng tới 8GB | Pin 5000 mAh | Màn 90Hz - Sạc nhanh 18W - Hàng chính hãng,2599000,https://tiki.vn/dien-thoai-tecno-spark-10-4gb-4gb-64gb-ram-mo-rong-toi-8gb-pin-5000-mah-man-90hz-sac-nhanh-18w-hang-chinh-hang-p262075320.html?spid=262075324,,8.0,smartphone,dienthoai,20792000.0
Điện Thoại Samsung M34 5G 8GB/128GB - Hàng Chính Hãng,6239000,https://tiki.vn/dien-thoai-samsung-m34-5g-8gb-128gb-hang-chinh-hang-p272323566.html?spid=272323568,,1.0,smartphone,dienthoai,6239000.0
Điện Thoại Samsung A04 3GB/32GB - Hàng Chính Hãng,2129000,https://tiki.vn/dien-thoai-samsung-a04-3gb-32gb-hang-chinh-hang-p203278278.html?spid=203278284,,53.0,smartphone,dienthoai,112837000.0
Điện thoại OPPO Reno8T 5G (8GB/128GB) - Hàng chính hãng,7700000,https://tiki.vn/dien-thoai-oppo-reno8t-5g-8gb-128gb-hang-chinh-hang-p215746871.html?spid=253386534,-15%,2.0,smartphone,dienthoai,15400000.0
Điện Thoại TCL 40SE (4GB/128GB) - Hàng Chính Hãng,2870000,https://tiki.vn/dien-thoai-tcl-408se-4gb-128gb-hang-chinh-hang-p272163749.html?spid=272163753,,4.0,smartphone,dienthoai,11480000.0
Điện thoại Xiaomi 12 (8 GB/256 GB) - Hàng chính hãng,12900000,https://tiki.vn/dien-thoai-xiaomi-12-8-gb-256-gb-hang-chinh-hang-p189932777.html?spid=216971215,-58%,1.0,smartphone,dienthoai,12900000.0
Điện thoại Samsung Galaxy Z Flip 4 (8GB/256GB),10990000,https://tiki.vn/dien-thoai-samsung-galaxy-z-flip-4-8gb-256gb-hang-chinh-hang-p194037967.html?spid=194037971,,98.0,smartphone,dienthoai,1077020000.0
Điện thoại Samsung Galaxy M14 5G (4GB/64GB) - Hàng chính hãng - Đã kích hoạt bảo hành điện tử,3059000,https://tiki.vn/dien-thoai-samsung-galaxy-m14-5g-4gb-64gb-hang-chinh-hang-da-kich-hoat-bao-hanh-dien-tu-p263274580.html?spid=273370170,-35%,2.0,smartphone,dienthoai,6118000.0
XIAOMI 13T 5G (12GB-256GB) - Hàng chính hãng,11500000,https://tiki.vn/xiaomi-13t-5g-12gb-256gb-hang-chinh-hang-p272555368.html?spid=272555467,-5%,3.0,smartphone,dienthoai,34500000.0
"Điện thoại oukitel k15 pro (chống sốc,pin khủng,pin 10.000mAh ,Ram 8Gb,Rom 128Gb) – hàng chính hãng",4990000,https://tiki.vn/dien-thoai-oukitel-k15-pro-chong-soc-pin-khung-pin-10-000mah-ram-6gb-rom-128gb-hang-chinh-hang-p181264344.html?spid=181264345,,12.0,smartphone,dienthoai,59880000.0
Điện Thoại Xiaomi Redmi 13C 6GB/128GB - Hàng Chính Hãng,2919000,https://tiki.vn/dien-thoai-xiaomi-redmi-13c-6gb-128gb-hang-chinh-hang-p273367316.html?spid=273367318,-30%,4.0,smartphone,dienthoai,11676000.0
Điện Thoại Nokia C30 (2GB/32GB) - Hàng Chính Hãng,1499000,https://tiki.vn/dien-thoai-nokia-c30-2gb-32gb-hang-chinh-hang-p120295859.html?spid=135545307,-27%,104.0,smartphone,dienthoai,155896000.0
[MỚI] Điện thoại vivo Y17s - Hàng chính hãng - Camera 50MP - Pin 5000 mAh - Sạc nhanh- RAM mở rộng đến 8GB,3790000,https://tiki.vn/moi-dien-thoai-vivo-y17s-camera-50mp-pin-5000-mah-sac-nhanh-ram-mo-rong-den-8gb-p272113804.html?spid=272117302,,5.0,smartphone,dienthoai,18950000.0
Điện thoại Realme 11 Pro (8GB/256GB) - Hàng chính hãng,8490000,https://tiki.vn/dien-thoai-realme-11-pro-8gb-256gb-hang-chinh-hang-p271077134.html?spid=271077221,-15%,3.0,smartphone,dienthoai,25470000.0
Điện thoại Tecno POVA 5 (8GB+8GB/128GB) RAM mở rộng 16GB | Pin 6000 mAh | Màn 120Hz - Sạc nhanh 45W - Hàng Chính Hãng,3821000,https://tiki.vn/dien-thoai-tecno-pova-5-8gb-8gb-128gb-ram-mo-rong-16gb-pin-6000-mah-man-120hz-sac-nhanh-45w-hang-chinh-hang-p271494404.html?spid=271494411,,5.0,smartphone,dienthoai,19105000.0
Điện Thoại Samsung Galaxy S23 Ultra 5G (12GB/512GB) - Hàng Chính Hãng,25890000,https://tiki.vn/dien-thoai-samsung-galaxy-s23-ultra-5g-12gb-512gb-hang-chinh-hang-p225920758.html?spid=225920768,-32%,1.0,smartphone,dienthoai,25890000.0
Điện Thoại Samsung Galaxy S20 FE 256GB | 8GB - Hàng Chính Hãng,8625000,https://tiki.vn/dien-thoai-samsung-galaxy-s20-fe-256gb-8gb-hang-chinh-hang-p175967811.html?spid=196284376,,2.0,smartphone,dienthoai,17250000.0
"Điện thoại OPPO A58 6GB/128GB , Sạc nhanh 33W - Hàng Chính Hãng",4302000,https://tiki.vn/dien-thoai-oppo-a58-6gb-128gb-sac-nhanh-33w-hang-chinh-hang-p271954384.html?spid=271954388,-21%,2.0,smartphone,dienthoai,8604000.0
"Điện thoại Xiaomi Redmi Note 12 (4GB/128GB) Màn AMOLED 120HZ, Snapdragon 685 , Sạc 33W - Hàng chính hãng",3625000,https://tiki.vn/dien-thoai-xiaomi-redmi-note-12-4gb-128gb-man-amoled-120hz-snapdragon-685-sac-33w-hang-chinh-hang-p251514670.html?spid=251514676,,10.0,smartphone,dienthoai,36250000.0
Điện thoại Samsung Galaxy A34 5G (8GB/128GB) - Hàng chính hãng,7164000,https://tiki.vn/dien-thoai-samsung-galaxy-a34-5g-8gb-128gb-hang-chinh-hang-p247730209.html?spid=248784132,,3.0,smartphone,dienthoai,21492000.0
Điện Thoại Xiaomi Redmi Note 12 (8GB/128GB) - Hàng Chính Hãng,5990000,https://tiki.vn/dien-thoai-xiaomi-redmi-note-12-8gb-128gb-hang-chinh-hang-p263764281.html?spid=263764283,,5.0,smartphone,dienthoai,29950000.0
Điện thoại Nokia C21 Plus (2G/32G) - Pin lâu - Hàng chính hãng - Giá rẻ,1791000,https://tiki.vn/dien-thoai-nokia-c21-plus-2g-32g-pin-lau-hang-chinh-hang-gia-re-p252073027.html?spid=252073028,,1.0,smartphone,dienthoai,1791000.0
Điện Thoại Tecno Spark 6 Go 4GB/64GB - Hàng Chính Hãng,2033000,https://tiki.vn/dien-thoai-tecno-spark-6-go-4gb-64gb-hang-chinh-hang-p143359355.html?spid=149334319,,27.0,smartphone,dienthoai,54891000.0
Điện thoại Samsung Galaxy S23 Plus 5G (8GB/256GB),16000000,https://tiki.vn/dien-thoai-samsung-galaxy-s23-plus-5g-8gb-256gb-hang-chinh-hang-p216174231.html?spid=217089349,,1.0,smartphone,dienthoai,16000000.0
Điện thoại Samsung Galaxy A14 (4GB/128GB) - Hàng Chính Hãng - Đã kích hoạt bảo hành điện tử,3672000,https://tiki.vn/dien-thoai-samsung-galaxy-a14-4gb-128gb-hang-chinh-hang-da-kich-hoat-bao-hanh-dien-tu-p247925719.html?spid=248792322,-26%,2.0,smartphone,dienthoai,7344000.0
Điện thoại Realme C55 (8GB/256GB) - Hàng chính hãng,4190000,https://tiki.vn/dien-thoai-realme-c55-8gb-256gb-hang-chinh-hang-p247829297.html?spid=247829576,-16%,45.0,smartphone,dienthoai,188550000.0
Điện Thoại TCL 40SE (6GB/256GB) - Hàng Chính Hãng,3370000,https://tiki.vn/dien-thoai-tcl-40se-8gb-256gb-hang-chinh-hang-p272179114.html?spid=272179116,,1.0,smartphone,dienthoai,3370000.0
Điện Thoại Xiaomi Redmi Note 12S 8GB/256GB - Hàng Chính Hãng,4919000,https://tiki.vn/dien-thoai-xiaomi-redmi-note-12s-8gb-256gb-hang-chinh-hang-p270074304.html?spid=270074310,-9%,2.0,smartphone,dienthoai,9838000.0
Điện thoại Vivo Y33s (8GB/128GB) - Hàng chính hãng,6069000,https://tiki.vn/dien-thoai-vivo-y33s-8gb-128gb-hang-chinh-hang-p158895857.html?spid=158895861,-20%,4.0,smartphone,dienthoai,24276000.0
Điện thoại Realme C30s (2GB/32GB) - Hàng chính hãng,1839000,https://tiki.vn/dien-thoai-realme-c30s-2gb-32gb-hang-chinh-hang-p200995800.html?spid=200995803,-25%,4.0,smartphone,dienthoai,7356000.0
Điện Thoại Oppo A58 6GB/128GB - Hàng Chính Hãng,4279000,https://tiki.vn/dien-thoai-oppo-a58-6gb-128gb-hang-chinh-hang-p271128271.html?spid=271128275,,3.0,smartphone,dienthoai,12837000.0
Điện thoại Xiaomi Redmi 10 5G (4GB/64GB),2930000,https://tiki.vn/dien-thoai-xiaomi-redmi-10-5g-4gb-64gb-hang-chinh-hang-p205544066.html?spid=228990953,,2.0,smartphone,dienthoai,5860000.0
"Điện thoại oukitel WP22 (Loa to,Chống nước ,chống sốc IP68/IP69K,Ram 13Gb(8GB+5Gb mở rộng),Rom 256Gb,Màn hình 6.58 FHD,tầm nhìn ban đêm,Pin 10.000mAh)- Hàng chính hãng",5990000,https://tiki.vn/dien-thoai-oukitel-wp22-loa-to-chong-nuoc-chong-soc-ip68-ip69k-ram-8gb-rom-256gb-man-hinh-6-58-fhd-tam-nhin-ban-dem-pin-10-000mah-hang-chinh-hang-p254125720.html?spid=254125721,,2.0,smartphone,dienthoai,11980000.0
Điện Thoại Oppo A77s (8GB/128GB),4839000,https://tiki.vn/dien-thoai-oppo-a77s-8gb-128gb-hang-chinh-hang-p200732479.html?spid=200732481,,4.0,smartphone,dienthoai,19356000.0
Điện thoại Samsung Galaxy S22 Plus 5G (8GB/256GB),21480000,https://tiki.vn/dien-thoai-samsung-galaxy-s22-plus-5g-8gb-256gb-hang-chinh-hang-p162583980.html?spid=196285903,,1.0,smartphone,dienthoai,21480000.0
Điện thoại Xiaomi Redmi Note 12 (8GB/128GB) - Hàng chính hãng,4450000,https://tiki.vn/dien-thoai-xiaomi-redmi-note-12-8gb-128gb-hang-chinh-hang-p270473116.html?spid=270473118,,1.0,smartphone,dienthoai,4450000.0
"Điện thoại oukitel wp23 ( chống nước,chống va đập,pin 10600mAh,Ram 4Gb.Rom 64Gb,màn hình 6.52 inch,mạng 2,3,4G,Android 13 )-hàng chính hãng",3990000,https://tiki.vn/dien-thoai-oukitel-wp23-chong-nuoc-chong-va-dap-pin-10600mah-ram-4gb-rom-64gb-man-hinh-6-52-inch-mang-2-3-4g-android-13-hang-chinh-hang-p260406257.html?spid=260406258,,2.0,smartphone,dienthoai,7980000.0
Điện thoại Tecno CAMON 20 Premier 5G - 8GB/512GB | Dimensity 8050| Cụm Camera 108+50+ 2MP | AMOLED - Tần số quét 120Hz - Hàng chính hãng,11990000,https://tiki.vn/dien-thoai-tecno-camon-20-premier-5g-8gb-512gb-dimensity-8050-cum-camera-108-50-2mp-amoled-tan-so-quet-120hz-hang-chinh-hang-p270814412.html?spid=270814414,,1.0,smartphone,dienthoai,11990000.0
Điện thoại TCL 408 (4GB/64GB) - Hàng Chính Hãng,2360000,https://tiki.vn/dien-thoai-tcl-408-4gb-64gb-hang-chinh-hang-p272160688.html?spid=272160692,,1.0,smartphone,dienthoai,2360000.0
Điện thoại Samsung Galaxy A05 (4GB/128GB) - Hàng chính hãng - ĐÃ KÍCH HOẠT BẢO HÀNH ĐIỆN TỬ,2600000,https://tiki.vn/dien-thoai-samsung-galaxy-a05-4gb-128gb-hang-chinh-hang-da-kich-hoat-bao-hanh-dien-tu-p272392928.html?spid=272392936,-18%,5.0,smartphone,dienthoai,13000000.0
Điện Thoại Oppo A57 4GB/128GB - Hàng Chính Hãng,3639000,https://tiki.vn/dien-thoai-oppo-a57-4gb-128gb-hang-chinh-hang-p205846229.html?spid=205846231,,12.0,smartphone,dienthoai,43668000.0
Điện Thoại Xiaomi Redmi A1 2GB/32GB - Hàng Chính Hãng,1789000,https://tiki.vn/dien-thoai-xiaomi-redmi-a1-2gb-32gb-hang-chinh-hang-p198968094.html?spid=198968096,,8.0,smartphone,dienthoai,14312000.0
Điện Thoại Samsung A04s 4GB/64GB - Hàng Chính Hãng,2789000,https://tiki.vn/dien-thoai-samsung-a04s-4gb-64gb-hang-chinh-hang-p197966909.html?spid=197966913,,82.0,smartphone,dienthoai,228698000.0
Điện Thoại Samsung A04e 3GB/32GB - Hàng Chính Hãng,2092000,https://tiki.vn/dien-thoai-samsung-a04e-3gb-32gb-hang-chinh-hang-p242771940.html?spid=242771950,,1.0,smartphone,dienthoai,2092000.0
Điện thoại Samsung Galaxy A05 (4GB/128GB) - Hàng chính hãng,2669000,https://tiki.vn/dien-thoai-samsung-galaxy-a05-4gb-128gb-hang-chinh-hang-p272238679.html?spid=272238681,-27%,2.0,smartphone,dienthoai,5338000.0
Điện Thoại OPPO RENO8 Z 5G (8GB/256GB) - Hàng Chính Hãng,8644000,https://tiki.vn/dien-thoai-oppo-reno8-z-5g-8gb-256gb-hang-chinh-hang-p195333531.html?spid=253386356,-41%,1.0,smartphone,dienthoai,8644000.0
"Điện thoại Oukitel WP6 (Chống va đập,chống nước,Ram 6Gb,Rom 128Gb,pin 8.000mAh) hàng chính hãng",6990000,https://tiki.vn/dien-thoai-oukitel-wp6-chong-va-dap-chong-nuoc-ram-6gb-rom-128gb-pin-10-000mah-hang-chinh-hang-p65091422.html?spid=65091426,,5.0,smartphone,dienthoai,34950000.0
Điện Thoại Xiaomi Redmi Note 11 Pro 5G 8GB/128GB - Hàng Chính Hãng,6579000,https://tiki.vn/dien-thoai-xiaomi-redmi-note-11-pro-5g-8gb-128gb-hang-chinh-hang-p169520871.html?spid=169520877,-33%,11.0,smartphone,dienthoai,72369000.0
Điện Thoại Oppo Reno8 Z 5G (8GB/256GB) - Hàng Chính Hãng,8644000,https://tiki.vn/dien-thoai-oppo-reno8-z-5g-8gb-256gb-hang-chinh-hang-vang-p194489407.html?spid=253386398,,1.0,smartphone,dienthoai,8644000.0
Điện Thoại Samsung Galaxy Z Fold 4 (12GB/256GB) - ĐÃ KÍCH HOẠT ĐIỆN TỬ - Hàng Chính Hãng,38000000,https://tiki.vn/dien-thoai-samsung-galaxy-z-fold-4-12gb-256gb-da-kich-hoat-dien-tu-hang-chinh-hang-p195977553.html?spid=216984326,,1.0,smartphone,dienthoai,38000000.0
Điện Thoại Xiaomi Redmi 12C - Hàng Chính Hãng,3090000,https://tiki.vn/dien-thoai-xiaomi-redmi-12c-hang-chinh-hang-p263454187.html?spid=263454196,,1.0,smartphone,dienthoai,3090000.0
Điện thoại Xiaomi Redmi 13C (6GB/128GB) - Hàng chính hãng,2919000,https://tiki.vn/dien-thoai-xiaomi-redmi-13c-6gb-128gb-hang-chinh-hang-p273357326.html?spid=273357328,,1.0,smartphone,dienthoai,2919000.0
Điện thoại Xiaomi Redmi 10A (2GB/32GB) - Hàng chính hãng,1949000,https://tiki.vn/dien-thoai-xiaomi-redmi-10a-2gb-32gb-hang-chinh-hang-p189466001.html?spid=189466007,,2.0,smartphone,dienthoai,3898000.0
Điện Thoại Realme C55 6GB/128GB - Hàng Chính Hãng,3719000,https://tiki.vn/dien-thoai-realme-c55-6gb-128gb-hang-chinh-hang-p253407100.html?spid=253407104,-19%,4.0,smartphone,dienthoai,14876000.0
Điện Thoại Samsung Galaxy S23 (8GB/128GB) - Hàng Chính Hãng,22990000,https://tiki.vn/dien-thoai-samsung-galaxy-s23-8gb-128gb-hang-chinh-hang-p248880498.html?spid=248880506,,1.0,smartphone,dienthoai,22990000.0
Điện thoại Realme C11 2021 (4GB/64GB) - Hàng chính hãng,3790000,https://tiki.vn/dien-thoai-realme-c11-2021-4gb-64gb-hang-chinh-hang-p140747649.html?spid=140747664,,1.0,smartphone,dienthoai,3790000.0
Điện thoại Samsung Galaxy A04 (3GB/32GB) - Hàng chính hãng,2400000,https://tiki.vn/dien-thoai-samsung-galaxy-a04-3gb-32gb-hang-chinh-hang-p201631518.html?spid=203982961,,4.0,smartphone,dienthoai,9600000.0
"Điện thoại ZTE Blade A52 4GB l 64GB, Pin 5000mAh, Màn hình 6.52"", Camera AI Triple - Hàng chính hãng",3490000,https://tiki.vn/dien-thoai-zte-blade-a52-4gb-l-64gb-pin-5000mah-man-hinh-6-52-camera-ai-triple-hang-chinh-hang-p194462682.html?spid=194462684,,1.0,smartphone,dienthoai,3490000.0
"Điện thoại Xiaomi Redmi A2 MediaTek Helio G36 , Pin 5000 mAh - Hàng chính hãng",1769000,https://tiki.vn/dien-thoai-xiaomi-redmi-a2-mediatek-helio-g36-pin-5000-mah-hang-chinh-hang-p273438769.html?spid=273438771,,2.0,smartphone,dienthoai,3538000.0
Điện thoại OPPO A77s - Hàng chính hãng,6216000,https://tiki.vn/dien-thoai-oppo-a77s-hang-chinh-hang-p204810590.html?spid=253386286,,1.0,smartphone,dienthoai,6216000.0
Điện Thoại Bphone 3 (Trắng) - Hàng Chính Hãng,6990000,https://tiki.vn/dien-thoai-bphone-3-hang-chinh-hang-p5868813.html?spid=28298790,,5.0,smartphone,dienthoai,34950000.0
Điện thoại OPPO A77 4GB+4GB/128GB - Sạc siêu nhanh 33W - Hàng nhập khẩu nhật - Bản quốc tế,3499000,https://tiki.vn/dien-thoai-oppo-a77-4gb-4gb-128gb-sac-sieu-nhanh-33w-hang-nhap-khau-nhat-ban-quoc-te-p263675862.html?spid=263675864,-28%,5.0,smartphone,dienthoai,17495000.0
Điện Thoại Samsung Galaxy A14 5G (4GB/128GB) - Hàng Chính hãng,5190000,https://tiki.vn/dien-thoai-samsung-galaxy-a14-5g-4gb-128gb-hang-chinh-hang-p215543460.html?spid=215543466,,1.0,smartphone,dienthoai,5190000.0
Điện Thoại Samsung Galaxy S20 FE (8GB/256GB) - Hàng Chính Hãng,8625000,https://tiki.vn/dien-thoai-samsung-galaxy-s20-fe-hang-chinh-hang-p68693081.html?spid=196284533,,1.0,smartphone,dienthoai,8625000.0
Điện thoại Xiaomi Redmi 12C (4GB/64GB) - Hàng chính hãng,2439000,https://tiki.vn/dien-thoai-xiaomi-redmi-12c-4gb-64gb-hang-chinh-hang-p245770248.html?spid=245770254,,1.0,smartphone,dienthoai,2439000.0
Điện thoại Samsung Galaxy A04s (4GB/64GB) - Hàng chính hãng,2850000,https://tiki.vn/dien-thoai-samsung-galaxy-a04s-4gb-64gb-hang-chinh-hang-p197670818.html?spid=225211081,,7.0,smartphone,dienthoai,19950000.0
Điện Thoại Vivo Y02s (3GB/32GB) - Hàng Chính Hãng,2799000,https://tiki.vn/dien-thoai-vivo-y02s-3gb-32gb-hang-chinh-hang-p193263880.html?spid=248617427,,1.0,smartphone,dienthoai,2799000.0
Điện thoại Masstel Hapi 30 4G Hàng Chính Hãng,2290000,https://tiki.vn/combo-mua-1-tang-1-hap-dan-mua-1-dien-thoai-masstel-hapi-30-4g-hang-chinh-hang-tang-1-ung-dung-nexta-edu-6-thang-tren-nen-tang-windows-danh-cho-hoc-sinh-va-giao-vien-p263438008.html?spid=263438009,,1.0,smartphone,dienthoai,2290000.0
Điện Thoại OPPO A57 (4GB/128GB) - Hàng Chính Hãng,4632000,https://tiki.vn/dien-thoai-oppo-a57-4gb-128gb-hang-chinh-hang-p192036708.html?spid=253386252,,1.0,smartphone,dienthoai,4632000.0
Điện Thoại Itel S23 16GB(8GB+8GB)/256GB | Pin 5000mAh | 6.6 Inch | Camera 50MP | HÀNG CHÍNH HÃNG,2734000,https://tiki.vn/dien-thoai-itel-s23-16gb-8gb-8gb-256gb-pin-5000mah-6-6-inch-camera-50mp-hang-chinh-hang-p273498357.html?spid=273498359,,3.0,smartphone,dienthoai,8202000.0
Điện thoại OPPO A78 (8GB/256GB) - Hàng Chính Hãng,6249000,https://tiki.vn/dien-thoai-oppo-a78-8gb-256gb-p270164674.html?spid=270180316,,8.0,smartphone,dienthoai,49992000.0
Điện Thoại Realme C51 3GB/64GB - Hàng Chính Hãng,2699000,https://tiki.vn/dien-thoai-realme-c51-3gb-64gb-hang-chinh-hang-p273471515.html?spid=273471519,,1.0,smartphone,dienthoai,2699000.0
Điện thoại Xiaomi Redmi 9A 2GB/32GB Xám - Hàng chính hãng,2088000,https://tiki.vn/dien-thoai-xiaomi-redmi-9a-2gb-32gb-xam-hang-chinh-hang-p212329857.html?spid=243245413,,1.0,smartphone,dienthoai,2088000.0
Điện Thoại Samsung Galaxy A14 5G (4GB/128GB) - Hàng chính hãng - ĐÃ KÍCH HOẠT BẢO HÀNH ĐIỆN TỬ,5000000,https://tiki.vn/dien-thoai-samsung-galaxy-a14-5g-4gb-128gb-hang-chinh-hang-da-kich-hoat-bao-hanh-dien-tu-p248655651.html?spid=249347112,,1.0,smartphone,dienthoai,5000000.0
Điện thoại TECNO Spark 6 Go (4GB/64GB) - Hàng chính hãng,2559000,https://tiki.vn/dien-thoai-tecno-spark-6-go-4gb-64gb-hang-chinh-hang-p138867253.html?spid=206156557,,4.0,smartphone,dienthoai,10236000.0
Điện thoại OPPO A57 4GB/128GB Đen - Hàng chính hãng,3850000,https://tiki.vn/dien-thoai-oppo-a57-4gb-128gb-den-hang-chinh-hang-p249168300.html?spid=249168301,,1.0,smartphone,dienthoai,3850000.0
