,title,price,link_item,discount,sales,category,revenue
0,Áo gia đình mặt cười đồ đồng phục gia đình 3/4/5 người thun mềm mịn màu xanh lá GD314XL DONGPHUCSG,49000,https://tiki.vn/ao-gia-dinh-mac-cuoi-thun-cotton-du-size-gd314xl-p132137191.html?spid=132137951,-11%,27.0,dodoi,1323000.0
1,Áo gia đình 3/4/5 người set đồ đồng phục đôi mẹ và bé độc đáo mẫu dễ thương màu xám GD271X | SG,49000,https://tiki.vn/ao-gia-dinh-thun-cotton-mau-xam-gd271x-p132126951.html?spid=132128063,,5.0,dodoi,245000.0
2,Áo gia đình Love you Đồ đôi mẹ và bé Đồng phục gia đình 3/4/5 người Thun cotton Màu xanh lá GD291XL,49000,https://tiki.vn/ao-gia-dinh-love-you-thun-cotton-du-size-gd291xl-p132125952.html?spid=132126082,,5.0,dodoi,245000.0
3,Áo gia đình 3/4/5 người dễ thương Đồng phục gia đình giá rẻ Thun cotton đủ size Màu trắng GD329T,25000,https://tiki.vn/ao-gia-dinh-dang-yeu-thun-cotton-mau-trang-du-size-gd329t-p132138506.html?spid=132138669,,5.0,dodoi,125000.0
4,Áo gia đình 3/4/5 người mẫu bắn tim màu vàng cúc làm đồ đồng phục nổi bật thun cotton mềm mịn GD322VD DONGPHUCSG,49000,https://tiki.vn/ao-gia-dinh-ban-tim-thun-cotton-du-size-gd322vd-p132137825.html?spid=132137987,,1.0,dodoi,49000.0
5,Áo thun hội nhóm lớp chữ TEAM nổi bật form unisex nam nữ phông màu trắng chất cotton mềm mịn ANL290 | SG,49000,https://tiki.vn/ao-thun-team-thun-cotton-anl290-p132128941.html?spid=132129294,,1.0,dodoi,49000.0
6,Đồ đi biển gia đình 3 4 5 người đồng phục du lịch nam nữ đủ size áo và quần nổi bật DDB08 | SG,99000,https://tiki.vn/thoi-trang-di-bien-an-tuong-du-size-nguyen-bo-ddb08-p132126269.html?spid=132129254,,12.0,dodoi,1188000.0
7,Áo gia đình We are 1 Đồng phục gia đình 3/4/5 người giá rẻ Thun cotton dày dặn Màu trắng GD320T,49000,https://tiki.vn/ao-gia-dinh-we-are-1-thun-cotton-du-size-gd320t-p132133780.html?spid=132134630,,29.0,dodoi,1421000.0
8,Đồ đôi đi biển xinh xắn chất thun đẹp- HÀNG LOẠI 1- giá nguyên bộ luôn quần và áo,109000,https://tiki.vn/do-doi-di-bien-xinh-xan-chat-thun-dep-hang-loai-1-gia-nguyen-bo-luon-quan-va-ao-p248270980.html?spid=248271617,,5.0,dodoi,545000.0
9,"Đồ gia đình , Áo đi biển , Đồng phục nhóm . Chất liệu vải Cotton loại 1 thoáng mát đủ size từ 8 đến 100kg",45000,https://tiki.vn/do-gia-dinh-ao-di-bien-dong-phuc-nhom-chat-lieu-vai-cotton-loai-1-thoang-mat-du-size-tu-8-den-100kg-p207326855.html?spid=207327081,,34.0,dodoi,1530000.0
10,Set đồ đôi màu xanh Couple Tina 1 - AV011,299000,https://tiki.vn/set-do-doi-mau-xanh-couple-tina-1-av011-p264018244.html?spid=264018283,,1.0,dodoi,299000.0
11,Sơ mi cặp caro kem đen trắng,407000,https://tiki.vn/so-mi-cap-caro-kem-den-trang-p74033686.html?spid=74033688,,1.0,dodoi,407000.0
12,Áo Đôi Đi Biển - Dạo Phố - Couple Tina,299000,https://tiki.vn/ao-doi-di-bien-dao-pho-couple-tina-p85078777.html?spid=85078789,,5.0,dodoi,1495000.0
13,Đồng phục gia đình đi biển set nguyên bộ đồ đi biển nam nữ đủ size cho bé trai gái và bigsize DDB01 | SG,99000,https://tiki.vn/do-gia-dinh-di-bien-an-tuong-du-size-nguyen-bo-ddb01-p132128283.html?spid=132132018,,29.0,dodoi,2871000.0
14,"HOT TREND đồ bộ gia đình Cúc họa mi, vải lụa",78000,https://tiki.vn/hot-trend-do-bo-gia-dinh-cuc-hoa-mi-vai-lua-p97929857.html?spid=97929893,,3.0,dodoi,234000.0
15,Áo gia đình Family Love Đồng phục gia đình 3/4/5 người giá rẻ Thun cotton dày dặn Màu trắng GD330T,49000,https://tiki.vn/ao-gia-dinh-family-love-dong-phuc-gia-dinh-3-4-5-nguoi-gia-re-thun-cotton-day-dan-mau-trang-gd330t-p132111380.html?spid=132111530,,14.0,dodoi,686000.0
16,Áo thun gia đình 3/4/5 người Đồ gia đình dễ thương giá rẻ Thun cotton dày dặn Màu hồng phấn GD318VD,49000,https://tiki.vn/ao-gia-dinh-trai-tim-thun-cotton-du-size-gd318vd-p132126123.html?spid=132126229,,8.0,dodoi,392000.0
17,Đồ bộ mặc nhà cho bé trai bé gái và mẹ Rosa Vivi vải tole lanh tay ngắn quần lửng họa tiết và màu sắc dễ thương,70000,https://tiki.vn/do-bo-mac-nha-cho-be-trai-be-gai-va-me-rosa-vivi-vai-tole-lanh-tay-ngan-quan-lung-hoa-tiet-va-mau-sac-de-thuong-p159822973.html?spid=159823021,,21.0,dodoi,1470000.0
18,Set đồ đôi váy áo sơ mi đi chơi hẹn hò chụp ảnh cưới đẹp,299000,https://tiki.vn/set-do-doi-vay-ao-so-mi-di-choi-hen-ho-chup-anh-cuoi-dep-p146382157.html?spid=146382169,,1.0,dodoi,299000.0
19,Áo gia đình Happy time Đồng phục gia đình 3/4/5 người đi biển giá rẻ Thun cotton Màu vàng GD315VD,49000,https://tiki.vn/ao-gia-dinh-happy-time-thun-cotton-du-size-gd315vd-p132129362.html?spid=132129537,,7.0,dodoi,343000.0
20,Váy áo cặp đôi sơ mi bán chạy nhất Couple Tina 1 - AV007,299000,https://tiki.vn/vay-ao-cap-doi-so-mi-ban-chay-nhat-couple-tina-1-av007-p264017258.html?spid=264017260,,1.0,dodoi,299000.0
21,Set áo đôi đồ cặp tình nhân áo sơ mi nam đầm đuôi cá nữ dài kẻ sọc phong cách Hàn Quốc dùng đi biển đi chơi chụp hình cưới hàng cao cấp - Smice House,299000,https://tiki.vn/set-ao-doi-do-cap-tinh-nhan-ao-so-mi-nam-dam-duoi-ca-nu-dai-ke-soc-phong-cach-han-quoc-dung-di-bien-di-choi-chup-hinh-cuoi-hang-cao-cap-smice-house-p89245166.html?spid=100461080,,5.0,dodoi,1495000.0
22,Đồ bộ đi biển. đồng phục gia đình. mẫu bông dừa,58000,https://tiki.vn/do-bo-di-bien-dong-phuc-gia-dinh-mau-bong-dua-p97930097.html?spid=97930767,,89.0,dodoi,5162000.0
23,Set đồ đôi áo váy cặp sơmi cao cấp Hàn Quốc Cực Đep- CoupleTina,299000,https://tiki.vn/set-do-doi-ao-vay-cap-somi-cao-cap-han-quoc-cuc-dep-coupletina-p73400324.html?spid=73400340,,3.0,dodoi,897000.0
24,Áo đôi: Áo váy xòe cổ bẻ kiểu polo + Áo thun polo nam,270000,https://tiki.vn/ao-doi-ao-vay-xoe-co-be-kieu-polo-ao-thun-polo-nam-p105338760.html?spid=105338803,,3.0,dodoi,810000.0
25,Áo gia đình Happy time Đồng phục gia đình 3/4/5 người đi biển giá rẻ Thun cotton 4 chiều GD315BM,25000,https://tiki.vn/ao-gia-dinh-happy-time-co-nhieu-mau-thun-cotton-gd315bm-p132132088.html?spid=132134503,,6.0,dodoi,150000.0
26,Bộ Áo Thun Đôi Nam Nữ A217 XXL,159000,https://tiki.vn/bo-ao-thun-doi-nam-nu-a217-p11976032.html?spid=11976090,,11.0,dodoi,1749000.0
27,Áo đôi áo cặp Set váy áo sơ mi đôi nam nữ đẹp du lịch chụp cưới màu nude HOT 2020 VSM - AV83,299000,https://tiki.vn/ao-doi-ao-cap-freeship-set-vay-ao-so-mi-doi-nam-nu-dep-du-lich-chup-cuoi-mau-nude-hot-2020-vsm-av83-p96239052.html?spid=100554356,,8.0,dodoi,2392000.0
28,"combo 2 áo, Áo hoodie đôi, hoodie cặp, áo hoodie nam , áo hoodie nữ , áo khoác áo hoodie cặp đôi nam nữ mặc đều được",190000,https://tiki.vn/combo-2-ao-ao-hoodie-doi-hoodie-cap-ao-hoodie-nam-ao-hoodie-nu-ao-khoac-ao-hoodie-cap-doi-nam-nu-mac-deu-duoc-p74595903.html?spid=74595904,,11.0,dodoi,2090000.0
29,Áo Gia Đình . Đồ Gia Đình . Đồng Phục Gia Đình,85000,https://tiki.vn/ao-gia-dinh-do-gia-dinh-dong-phuc-gia-dinh-p207326010.html?spid=207326072,,10.0,dodoi,850000.0
30,"Áo gia đình , Đồ đi biển . Chất liệu vải Cotton loại 1 thoáng mát đủ size từ 8 đến 100kg",39000,https://tiki.vn/ao-gia-dinh-do-di-bien-chat-lieu-vai-cotton-loai-1-thoang-mat-du-size-tu-8-den-100kg-p207329404.html?spid=207329583,,5.0,dodoi,195000.0
31,"Áo gia đình có cổ 4 màu : Trắng , Vàng , Đỏ , Cam .Chất liệu poly thái co giản 4 chiều đủ size từ 8 đến 100kg",80000,https://tiki.vn/ao-gia-dinh-co-co-4-mau-trang-vang-do-cam-chat-lieu-poly-thai-co-gian-4-chieu-du-size-tu-8-den-100kg-p207329602.html?spid=207329709,,5.0,dodoi,400000.0
32,Bộ Áo Thun Đôi Nam Nữ A952 - L,159000,https://tiki.vn/bo-ao-thun-doi-nam-nu-a952-p15558009.html?spid=15558041,,1.0,dodoi,159000.0
33,Áo thun Cặp Đôi Nam Nữ Couple - Only You 2 (Giá trên chỉ dành cho 1 áo),50000,https://tiki.vn/ao-thun-cap-doi-nam-nu-couple-only-you-2-gia-1-ao-65k-co-size-tay-lo-p92469439.html?spid=92469496,,1.0,dodoi,50000.0
34,"Áokhoác cardigan đôi, áo cadigan cặp, áo cadigan nam , áo cadigan nữ , áo cadigan ,áo khoác cặp đôi nam nữ mặc đều được, combo 2 cái cardigan",99000,https://tiki.vn/aokhoac-cardigan-doi-ao-cadigan-cap-ao-cadigan-nam-ao-cadigan-nu-ao-cadigan-ao-khoac-cap-doi-nam-nu-mac-deu-duoc-combo-2-cai-cardigan-p75576201.html?spid=75576202,,1.0,dodoi,99000.0
35,Set Váy nữ sơ mi nam đôi Hàn Quốc Couple AV28,299000,https://tiki.vn/set-vay-nu-so-mi-nam-doi-han-quoc-couple-av28-p96241572.html?spid=100523480,,1.0,dodoi,299000.0
36,Set Quần đôi đi biển cho nam và nữ họa tiết cây dừa hot trend Free size,159000,https://tiki.vn/set-quan-doi-di-bien-cho-nam-va-nu-hoa-tiet-cay-dua-hot-trend-free-size-p98181684.html?spid=98181685,,5.0,dodoi,795000.0
37,Bộ Áo Thun Đôi Hay Là Bất Chấp Yêu Nhau Đi Màu Trắng Nam Nữ,225000,https://tiki.vn/bo-ao-thun-doi-hay-la-bat-chap-yeu-nhau-di-mau-trang-nam-nu-p10961638.html?spid=10961680,,1.0,dodoi,225000.0
38,Bộ Áo Thun Đôi Xếp Đệ Màu Trắng Nam Nữ L,225000,https://tiki.vn/bo-ao-thun-doi-xep-de-mau-trang-nam-nu-p10964606.html?spid=10964652,,1.0,dodoi,225000.0
39,Áo polo gia đình bền đẹp - xu hướng 2023,85000,https://tiki.vn/ao-polo-gia-dinh-ben-dep-xu-huong-2023-p207328845.html?spid=207328890,,3.0,dodoi,255000.0
40,"Áo khoác cặp đôi GOKING vải da cá, 6 túi to rộng, dây kéo an toàn, mũ to trùm đầu. Form unisex cho nữ nam trẻ em. Chống nắng gió lạnh, chống tia UV",289000,https://tiki.vn/ao-khoac-cap-doi-goking-vai-da-ca-6-tui-to-rong-day-keo-an-toan-mu-to-trum-dau-form-unisex-cho-nu-nam-tre-em-chong-nang-gio-lanh-chong-tia-uv-p214731450.html?spid=214731539,,1.0,dodoi,289000.0
41,"[ẢNH TO] Bộ Thẻ Kích Thích Thị Giác Cho Bé, Đồ Chơi Phát Triển Toàn Diện Kỹ Năng Cho Bé Sơ Sinh",15000,https://tiki.vn/anh-to-bo-the-kich-thich-thi-giac-cho-be-do-choi-phat-trien-toan-dien-ky-nang-cho-be-so-sinh-p200787739.html?spid=200787743,,8.0,dodoi,120000.0
42,Áo và quần đi biển - đồ đôi (DDB03),221000,https://tiki.vn/ao-va-quan-di-bien-do-doi-ddb03-p95912322.html?spid=95913415,,5.0,dodoi,1105000.0
43,Đồ Gia Đình Đi Biển,39000,https://tiki.vn/do-gia-dinh-di-bien-p207328314.html?spid=207328361,,7.0,dodoi,273000.0
44,Áo đôi: Váy thun form body kiểu polo King Queen + Áo polo nam,270000,https://tiki.vn/ao-doi-vay-thun-form-body-kieu-polo-king-queen-ao-polo-nam-p105337220.html?spid=105338074,,1.0,dodoi,270000.0
45,"Áo đôi áo cặp Set váy áo sơ mi cặp cao cấp, đồ đôi nam nữ chất đẹp AV172",299000,https://tiki.vn/ao-doi-ao-cap-freeship-set-vay-ao-so-mi-cap-cao-cap-do-doi-nam-nu-chat-dep-av172-p96240689.html?spid=100552860,,5.0,dodoi,1495000.0
46,"COMBO 2 ÁO HOODIE ĐÔI DỄ THƯƠNG, ÁO ĐÔI, ÁO CẶP, ÁO COUPLE",236000,https://tiki.vn/combo-2-ao-hoodie-doi-de-thuong-ao-doi-ao-cap-ao-couple-p73927965.html?spid=73927967,,1.0,dodoi,236000.0
47,Áo thun Cặp Đôi Nam Nữ Couple - 1 Nam 1 Nữ ( Giá 65k 1 áo ) Có size Tay Lỡ (Inbox cho shop để chọn áo nam hay nữ bạn nha),40000,https://tiki.vn/ao-thun-cap-doi-nam-nu-couple-1-nam-1-nu-gia-65k-1-ao-co-size-tay-lo-p92466209.html?spid=92466308,,1.0,dodoi,40000.0
48,Áo đôi ️️ áo cặp đồ đôi dễ thương chụp ảnh đi biển nam nữ AV97,299000,https://tiki.vn/ao-doi-freeship-ao-cap-do-doi-de-thuong-chup-anh-di-bien-nam-nu-av97-p96241689.html?spid=100525706,,3.0,dodoi,897000.0
49,Set đồ đôi somi áo váy cặp CoupleTina cao cấp - Đầm thiết kế-Phù hợp đi tiệc dạo phố,299000,https://tiki.vn/set-do-doi-somi-ao-vay-cap-coupletina-cao-cap-dam-thiet-ke-phu-hop-di-tiec-dao-pho-p79598242.html?spid=79598246,,4.0,dodoi,1196000.0
50,Bộ Áo Thun Đôi Nam Nữ A194,159000,https://tiki.vn/bo-ao-thun-doi-nam-nu-a194-p11972922.html?spid=11972929,,4.0,dodoi,636000.0
51,"Bộ áo váy somi cặp đôi chụp cưới, đồ đôi nam nữ màu trắng AV169 -Couple Tina",299000,https://tiki.vn/bo-ao-vay-somi-cap-doi-chup-cuoi-do-doi-nam-nu-mau-trang-av169-couple-tina-p75514318.html?spid=75514320,,6.0,dodoi,1794000.0
52,Thời trang thu đông áo đôi in hình giáng sinh - Áo đôi -Áo noel,334000,https://tiki.vn/thoi-trang-thu-dong-ao-doi-in-hinh-giang-sinh-ao-doi-ao-noel-p87558104.html?spid=87558139,,2.0,dodoi,668000.0
53,Set đồ đôi áo váy cặp CoupleTina cao cấp - Đầm thiết kế xẻ tà -Nữ tính-Phù hợp đi tiệc dạo phố,299000,https://tiki.vn/set-do-doi-ao-vay-cap-coupletina-cao-cap-dam-thiet-ke-xe-ta-nu-tinh-phu-hop-di-tiec-dao-pho-p73259973.html?spid=73259989,,5.0,dodoi,1495000.0
54,Áo gia đình dễ thương Đồng phục gia đình 3/4/5 người giá rẻ Thun cotton dày dặn Màu trắng GD276T,49000,https://tiki.vn/ao-gia-dinh-de-thuong-dong-phuc-gia-dinh-3-4-5-nguoi-gia-re-thun-cotton-day-dan-mau-trang-gd276t-p132122877.html?spid=132123290,,7.0,dodoi,343000.0
55,Đồ đôi váy nữ sơ mi nam Hàn Quốc Couple đồ cặp đẹp chụp ảnh cưới AV25,299000,https://tiki.vn/do-doi-vay-nu-so-mi-nam-han-quoc-couple-do-cap-dep-chup-anh-cuoi-av25-p96238482.html?spid=100522694,,1.0,dodoi,299000.0
56,Áo đôi áo cặp Áo đôi nam nữ đẹp Set áo váy sơ mi Hàn Quốc dáng dài VSM COUPLE AV73,299000,https://tiki.vn/ao-doi-ao-cap-freeship-ao-doi-nam-nu-dep-set-ao-vay-so-mi-han-quoc-dang-dai-vsm-couple-av73-p96238911.html?spid=100530630,,1.0,dodoi,299000.0
57,Áo đôi couple nam nữ Set váy nữ Áo sơ mi nam đẹp màu trắng và nâu Hàn Quốc thiết kế cao cấp AV192,299000,https://tiki.vn/ao-doi-couple-nam-nu-freeship-set-vay-nu-ao-so-mi-nam-dep-mau-trang-va-nau-han-quoc-thiet-ke-cao-cap-av192-p96237919.html?spid=100516549,,3.0,dodoi,897000.0
58,"SET ÁO CẶP NAM NỮ ÁO SƠ MI VÀ ĐẦM ĐUÔI CÁ DÀI HỌA TIẾT HOA LÁ ĐI BIỂN ĐI CHỤP HÌNH CƯỚI, ĐỒ ĐÔI TÌNH NHÂN - SMICE HOUSE",299000,https://tiki.vn/set-ao-cap-nam-nu-ao-so-mi-va-dam-duoi-ca-dai-hoa-tiet-hoa-la-di-bien-di-chup-hinh-cuoi-do-doi-tinh-nhan-smice-house-p76498958.html?spid=86519940,,2.0,dodoi,598000.0
59,Bộ Áo Thun Đôi Nam Nữ A102,159000,https://tiki.vn/bo-ao-thun-doi-nam-nu-a102-p11668121.html?spid=11668129,,1.0,dodoi,159000.0
60,Bộ Áo Thun Đôi Nam Nữ A221 XXXL,159000,https://tiki.vn/bo-ao-thun-doi-nam-nu-a221-p11976637.html?spid=11976709,,7.0,dodoi,1113000.0
61,Bộ Áo Thun Đôi Nam Nữ A220,159000,https://tiki.vn/bo-ao-thun-doi-nam-nu-a220-p11976496.html?spid=11976508,,1.0,dodoi,159000.0
62,ÁO THUN LỆCH VAI HÌNH ĐÔI GIÀY - AG10130,234000,https://tiki.vn/ao-thun-lech-vai-hinh-doi-giay-ag10130-p26083999.html?spid=26084009,,4.0,dodoi,936000.0
63,"áo khoác dù đôi bomber đẹp, áo khoác cặp, áo cặp, áo đôi bóng chày",221000,https://tiki.vn/ao-khoac-du-doi-bomber-dep-ao-khoac-cap-ao-cap-ao-doi-bong-chay-p74343686.html?spid=74343687,,1.0,dodoi,221000.0
64,"Áo Thun cặp Nam-Nữ in HÌNH BƯỚM ĐÊM cực dễ thương , thích hợp cho các cặp đôi trẻ trung, năng động, cho các nhóm bạn đi đêm, đi phượt, bão, nhìn đã mắt, bao ngầu, bao chất! (mặc định Nam đen nữ trắng) - S",160000,https://tiki.vn/ao-thun-cap-nam-nu-in-hinh-buom-dem-cuc-de-thuong-thich-hop-cho-cac-cap-doi-tre-trung-nang-dong-cho-cac-nhom-ban-di-dem-di-phuot-bao-nhin-da-mat-bao-ngau-bao-chat-mac-dinh-nam-den-nu-trang-p75726531.html?spid=75726533,,1.0,dodoi,160000.0
65,Quần jogger kaki couple VNXK năng động,97900,https://tiki.vn/quan-jogger-kaki-couple-vnxk-nang-dong-p73421906.html?spid=76545570,,2.0,dodoi,195800.0
66,Khẩu Trang Lụa Tơ Tằm 3 Lớp Kháng Khuẩn Người Lớn I Silk Face Mask,110000,https://tiki.vn/khau-trang-lua-to-tam-3-lop-khang-khuan-nguoi-lon-i-silk-face-mask-p148680071.html?spid=148680085,,9.0,dodoi,990000.0
67,Bộ Áo Thun Đôi Nam Nữ A30,159000,https://tiki.vn/bo-ao-thun-doi-nam-nu-a30-p11635027.html?spid=11635089,,2.0,dodoi,318000.0
68,Bộ Áo Thun Đôi Mickey Mouse Màu Trắng Nam Nữ,159000,https://tiki.vn/bo-ao-thun-doi-mickey-mouse-mau-trang-nam-nu-p11120259.html?spid=11120273,,6.0,dodoi,954000.0
69,Bộ Áo Thun Đôi Chipi Cặp Đôi Ngộ Nghĩnh Màu Trắng Nam Nữ,159000,https://tiki.vn/bo-ao-thun-doi-chipi-cap-doi-ngo-nghinh-mau-trang-nam-nu-p11103339.html?spid=11103415,,3.0,dodoi,477000.0
70,"Pin Tiểu AA và AAA Dùng Cho Nhiều Sản Phẩm Siêu Bền, Dung Lượng Cao",2500,https://tiki.vn/pin-tieu-aa-va-aaa-dung-cho-nhieu-san-pham-sieu-ben-dung-luong-cao-p203694844.html?spid=205229711,,11.0,dodoi,27500.0
71,Áo đôi nam nữ đẹp ️️ Đồ cặp đôi dễ thương chụp ảnh cưới đi biển nam nữ Hàn Quốc Couple AV54,299000,https://tiki.vn/ao-doi-nam-nu-dep-freeship-do-cap-doi-de-thuong-chup-anh-cuoi-di-bien-nam-nu-han-quoc-couple-av54-p96238451.html?spid=100528697,,4.0,dodoi,1196000.0
72,Hộp kim chỉ đa năng 55 món - Hộp lớn,14000,https://tiki.vn/hop-kim-chi-da-nang-55-mon-hop-lon-p145093525.html?spid=145093528,,6.0,dodoi,84000.0
73,"Áo thun đôi áo thun nữ nam áo cặp nam nữ, áo tình nhân nam nữ, áo tay lỡ nam nữ, áo bigsize nam nữ",110000,https://tiki.vn/ao-thun-doi-ao-thun-nu-nam-ao-cap-nam-nu-ao-tinh-nhan-nam-nu-ao-tay-lo-nam-nu-ao-bigsize-nam-nu-p106655850.html?spid=106655868,,2.0,dodoi,220000.0
74,Áo đồng phục gia đình nhỏ hạnh phúc to mẫu màu xanh lá thun cotton 4 chiều dày dặn GD301XL | SG,25000,https://tiki.vn/ao-gia-dinh-nho-hanh-phuc-to-mau-xanh-la-gd301xl-p132132365.html?spid=132132708,,16.0,dodoi,400000.0
75,Áo thun đồng phục gia đình 3/4/5 người mẫu bắn tim màu xanh lá thun cotton mềm mịn GD309XL DONGPHUCSG,49000,https://tiki.vn/ao-gia-dinh-ban-tim-thun-cotton-du-size-gd309xl-p132128200.html?spid=132128937,,34.0,dodoi,1666000.0
76,Áo thun gia đình siêu dễ thương màu trắng chất thun mềm mịn dày dặn GD290T DONGPHUCSG,35000,https://tiki.vn/dong-phuc-gia-dinh-cao-cap-thun-cotton-mau-trang-gd290t-p132128905.html?spid=132134585,,8.0,dodoi,280000.0
77,Áo Gia Đình Family Love - Màu Trắng - Đủ Size (GD330T),25000,https://tiki.vn/ao-gia-dinh-family-love-mau-trang-du-size-gd330t-p132126526.html?spid=132126585,,7.0,dodoi,175000.0
78,Đồ gia đình 3/4/5 người Áo thun gia đình Đồ đôi mẹ và bé giá rẻ Màu trắng GD295T | DONGPHUCSG,49000,https://tiki.vn/ao-gia-dinh-thun-cotton-du-size-gd295t-p132139672.html?spid=132139813,,10.0,dodoi,490000.0
79,Vải voan chiffon mỏng mềm không co giãn họa tiết hoa cúc họa mi nền xanh than,47900,https://tiki.vn/vai-voan-chiffon-mong-mem-khong-co-gian-hoa-tiet-hoa-cuc-hoa-mi-nen-xanh-than-p112107783.html?spid=112107784,,2.0,dodoi,95800.0
80,ÁO ĐÔI THU ĐÔNG HP,295000,https://tiki.vn/ao-doi-thu-dong-hp-p90783103.html?spid=90783662,,1.0,dodoi,295000.0
81,Tạp dề ngắn trơn Nam Nữ thích hợp làm đồng phục nhà hàng cafe,50000,https://tiki.vn/tap-de-ngan-tron-nam-nu-thich-hop-lam-dong-phuc-nha-hang-cafe-p195236569.html?spid=195236590,,9.0,dodoi,450000.0
82,"áo thun cặp hoạt hình, Áo Thun đôi Form Rộng Unisex, Áo đôi nam Nữ Mùa Hè Hoạt Hình Thun Thời Trang Nữ, Áo đôi Hoạt hình Freesize Phong Cách Ulzzang Cực Xịn",170000,https://tiki.vn/ao-thun-cap-hoat-hinh-ao-thun-doi-form-rong-unisex-ao-doi-nam-nu-mua-he-hoat-hinh-thun-thoi-trang-nu-ao-doi-hoat-hinh-freesize-phong-cach-ulzzang-cuc-xin-p91533013.html?spid=91533017,-12%,5.0,dodoi,850000.0
83,"Áo Đôi Nam Nữ MM03, Áo Đôi Nỉ Có Mũ In 2 Mèo Sấy Tóc Hạnh Phúc, Vải Nỉ Bông In Hình Dễ Thương - HAI DA",129000,https://tiki.vn/ao-doi-nam-nu-mm03-ao-doi-ni-co-mu-in-2-meo-say-toc-hanh-phuc-vai-ni-bong-in-hinh-de-thuong-p248326812.html?spid=248326824,,2.0,dodoi,258000.0
84,"Bộ áo váy sơ mi cặp cao cấp, đồ đôi thời trang thiết kế nam nữ chất đẹp - Couple Tina",299000,https://tiki.vn/bo-ao-vay-so-mi-cap-cao-cap-do-doi-thoi-trang-thiet-ke-nam-nu-chat-dep-couple-tina-p87234293.html?spid=87234301,,2.0,dodoi,598000.0
85,"Áo Thun cặp Nam-Nữ in HÌNH BƯỚM ĐÊM cực dễ thương , thích hợp cho các cặp đôi trẻ trung, năng động, cho các nhóm bạn đi đêm, đi phượt, bão, nhìn đã mắt, bao ngầu, bao chất! (mặc định Nam đen nữ trắng) - S",140000,https://tiki.vn/ao-thun-cap-nam-nu-in-hinh-buom-dem-cuc-de-thuong-thich-hop-cho-cac-cap-doi-tre-trung-nang-dong-cho-cac-nhom-ban-di-dem-di-phuot-bao-nhin-da-mat-bao-ngau-bao-chat-mac-dinh-nam-den-nu-trang-p75935072.html?spid=75935074,,7.0,dodoi,980000.0
86,Áo Thun Cặp Dễ Thương Cho Cặp Đôi,32000,https://tiki.vn/ao-thun-cap-de-thuong-cho-cap-doi-p81187080.html?spid=81187358,,3.0,dodoi,96000.0
87,Áo thun gia đình 3/4/5 người Đồ đôi mẹ và bé giá rẻ Đồng phục cả nhà Màu trắng GD290T2,49000,https://tiki.vn/ao-gia-dinh-cute-thun-cotton-mau-trang-gd290t2-p132129011.html?spid=132134684,,21.0,dodoi,1029000.0
88,Áo thun đôi nam nữ,73000,https://tiki.vn/ao-thun-doi-nam-nu-p98655544.html?spid=98655785,,2.0,dodoi,146000.0
89,Bộ Áo Thun Đôi Nam Nữ Màu Vàng A365,159000,https://tiki.vn/bo-ao-thun-doi-nam-nu-mau-vang-a365-p12265595.html?spid=12265599,,4.0,dodoi,636000.0
90,Bộ Áo Thun Đôi Nam Nữ A831,159000,https://tiki.vn/bo-ao-thun-doi-nam-nu-a831-p15553132.html?spid=15553152,,1.0,dodoi,159000.0
91,"Đồ đôi nam nữ, bộ ngủ đôi dài tay cotton 100% không bai xù, bộ mặc nhà đẹp thu đông",219000,https://tiki.vn/do-doi-nam-nu-bo-ngu-doi-dai-tay-cotton-100-khong-bai-xu-bo-mac-nha-dep-thu-dong-p141075873.html?spid=141075880,,4.0,dodoi,876000.0
92,Áo thun Cặp Đôi Nam Nữ Couple - Cặp đôi nam nữ dễ thương (Giá 1 cái 65k) Có size tay lỡ (Inbox cho shop để chọn mẫu nam hay nữ bạn nha),40000,https://tiki.vn/ao-thun-cap-doi-nam-nu-couple-cap-doi-nam-nu-de-thuong-gia-1-cai-65k-co-size-tay-lo-p92467256.html?spid=92467338,,3.0,dodoi,120000.0
93,Đồ đi biển đẹp -150K BAO GỒM 1 BỘ ( 1 ÁO+1 QUẦN),157800,https://tiki.vn/do-di-bien-dep-150k-bao-gom-1-bo-1-ao-1-quan-p169568600.html?spid=169568872,,1.0,dodoi,157800.0
94,"Đồ bộ trái cây đi biển(ảnh thật, chất kate thái) trái cam",58000,https://tiki.vn/do-bo-trai-cay-di-bien-anh-that-chat-kate-thai-trai-cam-p97929869.html?spid=97930010,,7.0,dodoi,406000.0
95,Bộ Áo Thun Đôi Nam Nữ A181,159000,https://tiki.vn/bo-ao-thun-doi-nam-nu-a181-p11971405.html?spid=11971419,,1.0,dodoi,159000.0
96,Bộ Áo Thun Đôi Nam Nữ Màu Vàng A333,159000,https://tiki.vn/bo-ao-thun-doi-nam-nu-mau-vang-a333-p12274555.html?spid=12274573,,1.0,dodoi,159000.0
97,Bộ Áo Thun Đôi Nam Nữ Màu Vàng A11263 - XL,159000,https://tiki.vn/bo-ao-thun-doi-nam-nu-mau-vang-a11263-p12466618.html?spid=12466662,,3.0,dodoi,477000.0
98,Bộ Áo Thun Đôi Nam Nữ Màu Đen A900,269000,https://tiki.vn/bo-ao-thun-doi-nam-nu-mau-den-a900-p21317388.html?spid=21317437,,2.0,dodoi,538000.0
99,Áo Thun Đôi Tình Nhân Màu Xám In Hẹn Ước I LOVE YOU,89000,https://tiki.vn/ao-thun-doi-tinh-nhan-mau-xam-in-hen-uoc-i-love-you-p42531749.html?spid=42531791,,5.0,dodoi,445000.0
100,"Áo Thun cặp Nam-Nữ in MÈO AMI cực dễ thương , thích hợp cho các cặp đôi trẻ trung, năng động, cho các nhóm bạn đi đêm, đi phượt, bão, nhìn đã mắt, bao ngầu, bao chất",115000,https://tiki.vn/ao-thun-cap-nam-nu-in-meo-ami-cuc-de-thuong-thich-hop-cho-cac-cap-doi-tre-trung-nang-dong-cho-cac-nhom-ban-di-dem-di-phuot-bao-nhin-da-mat-bao-ngau-bao-chat-p68853999.html?spid=72192298,,2.0,dodoi,230000.0
101,ÁO SƠ MI ĐÔI NAM NỮ ĐẸP,140000,https://tiki.vn/ao-so-mi-doi-nam-nu-dep-p91945866.html?spid=91945890,,1.0,dodoi,140000.0
102,Áo Sơ Mi Cặp Đôi Love You So Much,110000,https://tiki.vn/ao-so-mi-cap-doi-love-you-so-much-p91924588.html?spid=91924646,,1.0,dodoi,110000.0
103,Bộ Áo Thun Đôi Em là Vk Anh là Ck Màu Vàng Nam Nữ S,225000,https://tiki.vn/bo-ao-thun-doi-em-la-vk-anh-la-ck-mau-vang-nam-nu-p11015022.html?spid=11015036,,3.0,dodoi,675000.0
104,Áo Đôi Rocking Dance Nam Nữ S,159000,https://tiki.vn/ao-doi-rocking-dance-nam-nu-p10816714.html?spid=10816728,,1.0,dodoi,159000.0
105,Áo Đôi Chữ Love Đỏ Nam Nữ,159000,https://tiki.vn/ao-doi-chu-love-do-nam-nu-p10816498.html?spid=10816508,-12%,2.0,dodoi,318000.0
106,Bộ Áo Thun Đôi Nam Nữ A36,159000,https://tiki.vn/bo-ao-thun-doi-nam-nu-a36-p11521324.html?spid=11521390,,1.0,dodoi,159000.0
107,Bộ Áo Thun Đôi Nam Nữ A71,159000,https://tiki.vn/bo-ao-thun-doi-nam-nu-a71-p11526697.html?spid=11526721,,2.0,dodoi,318000.0
108,Bộ Áo Thun Đôi Chipi Happy Valentine's Day Đáng Yêu Màu Trắng Nam Nữ XL,225000,https://tiki.vn/bo-ao-thun-doi-chipi-happy-valentine-s-day-dang-yeu-mau-trang-nam-nu-p11088383.html?spid=11088453,,1.0,dodoi,225000.0
109,"Áo Thun cặp Nam-Nữ in hình mèo cực dễ thương , thích hợp cho các cặp đôi trẻ trung, năng động, cho các nhóm bạn đi đêm, đi phượt, bão, nhìn đã mắt, bao ngầu, bao chất, (giá trên dành cho 1 sản phẩm) - S",130000,https://tiki.vn/ao-thun-cap-nam-nu-in-hinh-meo-cuc-de-thuong-thich-hop-cho-cac-cap-doi-tre-trung-nang-dong-cho-cac-nhom-ban-di-dem-di-phuot-bao-nhin-da-mat-bao-ngau-bao-chat-p75777691.html?spid=75777693,,9.0,dodoi,1170000.0
110,Nhiệt Kế Đo Nước Tắm Cho Bé Cao Cấp Tiện Lợi An Toàn Ngộ Nghĩnh,44999,https://tiki.vn/nhiet-ke-do-nuoc-tam-cho-be-cao-cap-tien-loi-an-toan-ngo-nghinh-p199950210.html?spid=209551699,,3.0,dodoi,134997.0
111,Bộ Đồ Lam In Họa Tiết 5D,456000,https://tiki.vn/bo-do-lam-in-hoa-tiet-5d-p273438512.html?spid=273438518,,7.0,dodoi,3192000.0
112,Áo đôi: Váy form body phối màu + Áo thun nam,270000,https://tiki.vn/ao-doi-vay-form-body-phoi-mau-ao-thun-nam-p105338348.html?spid=105338592,,1.0,dodoi,270000.0
113,QUẦN ÁO ĐI BIỂN NHÓM,124000,https://tiki.vn/quan-ao-di-bien-nhom-p90761850.html?spid=90762673,,39.0,dodoi,4836000.0
114,Tạp dề ngắn trơn Nam Nữ thích hợp làm đồng phục nhà hàng cafe,50000,https://tiki.vn/tap-de-ngan-tron-nam-nu-thich-hop-lam-dong-phuc-nha-hang-cafe-p195233822.html?spid=195233906,,4.0,dodoi,200000.0
115,Bộ Áo Thun Đôi Nam Nữ A198 M,159000,https://tiki.vn/bo-ao-thun-doi-nam-nu-a198-p11973450.html?spid=11973466,,6.0,dodoi,954000.0
116,Bộ Áo Thun Đôi Nam Nữ A192,159000,https://tiki.vn/bo-ao-thun-doi-nam-nu-a192-p11972705.html?spid=11972709,,2.0,dodoi,318000.0
117,Áo Đôi I Love You Nam Nữ M,159000,https://tiki.vn/ao-doi-i-love-you-nam-nu-p10817117.html?spid=10817147,,5.0,dodoi,795000.0
118,"Áo Thun cặp Nam-Nữ in HÌNH CÁNH CẶP ĐÔI cực dễ thương , thích hợp cho các cặp đôi trẻ trung, năng động, cho các nhóm bạn đi đêm, đi phượt, bão, nhìn đã mắt, bao ngầu, bao chất! - S",160000,https://tiki.vn/ao-thun-cap-nam-nu-in-hinh-canh-cap-doi-cuc-de-thuong-thich-hop-cho-cac-cap-doi-tre-trung-nang-dong-cho-cac-nhom-ban-di-dem-di-phuot-bao-nhin-da-mat-bao-ngau-bao-chat-p75935197.html?spid=75935199,,12.0,dodoi,1920000.0
119,Áo gia đình bắn tim GD296VD màu vàng cúc thun dày dặn mềm mịn DONGPHUCSG,49000,https://tiki.vn/ao-gia-dinh-ban-tim-thun-cotton-du-size-gd296vd-p132132211.html?spid=132132974,,8.0,dodoi,392000.0
120,Bộ Áo Thun Đôi Nam Nữ A162 - XXL,159000,https://tiki.vn/bo-ao-thun-doi-nam-nu-a162-p11674533.html?spid=11674591,,2.0,dodoi,318000.0
121,Bộ Áo Thun Đôi Nam Nữ A202,159000,https://tiki.vn/bo-ao-thun-doi-nam-nu-a202-p11973933.html?spid=11973939,,3.0,dodoi,477000.0
122,Áo polo gia đình 3/4/5 người cao cấp . Chất liệu poly thái co giản 4 chiều đủ size cho cả gia đình từ 8 đến 100kg,85000,https://tiki.vn/ao-polo-gia-dinh-3-4-5-nguoi-cao-cap-chat-lieu-poly-thai-co-gian-4-chieu-du-size-cho-ca-gia-dinh-tu-8-den-100kg-p207328301.html?spid=207328335,,17.0,dodoi,1445000.0
123,Áo đôi: Áo đầm form suông + Áo thun polo nam,270000,https://tiki.vn/ao-doi-ao-dam-form-suong-ao-thun-polo-nam-p105336269.html?spid=105336340,,3.0,dodoi,810000.0
124,Đồ đôi váy sơ mi Hàn Quốc Couple đồ cặp đẹp chụp ảnh cưới AV12,299000,https://tiki.vn/do-doi-vay-so-mi-han-quoc-couple-do-cap-dep-chup-anh-cuoi-av12-p96241968.html?spid=100523649,,1.0,dodoi,299000.0
125,Set Áo váy đôi sơ mi cổ đắp chéo màu trắng lôi cuốn đồ cặp tình nhân đi biển đi chơi - Smice House,299000,https://tiki.vn/set-ao-vay-doi-so-mi-co-dap-cheo-mau-trang-loi-cuon-do-cap-tinh-nhan-di-bien-di-choi-smice-house-p77650550.html?spid=79582790,,4.0,dodoi,1196000.0
126,Bộ Áo Thun Đôi Nam Nữ A138,159000,https://tiki.vn/bo-ao-thun-doi-nam-nu-a138-p11671626.html?spid=11671638,,1.0,dodoi,159000.0
127,Bộ Áo Thun Đôi Nam Nữ Màu Vàng A350 - XXXL,159000,https://tiki.vn/bo-ao-thun-doi-nam-nu-mau-vang-a350-p12264493.html?spid=12264565,,1.0,dodoi,159000.0
128,Bộ Áo Thun Đôi Nam Nữ Màu Vàng A11363 - L,159000,https://tiki.vn/bo-ao-thun-doi-nam-nu-mau-vang-a11363-p13683956.html?spid=13683988,,1.0,dodoi,159000.0
129,Bộ Áo Thun Đôi Nam Nữ A957,159000,https://tiki.vn/bo-ao-thun-doi-nam-nu-a957-p15556475.html?spid=15556481,,1.0,dodoi,159000.0
130,Bộ Áo Thun Đôi Nam Nữ A891,159000,https://tiki.vn/bo-ao-thun-doi-nam-nu-a891-p15560277.html?spid=15560285,,1.0,dodoi,159000.0
131,Áo Sơ Mi Đôi Nam Nữ Chữ Love,110000,https://tiki.vn/ao-so-mi-doi-nam-nu-chu-love-p91929230.html?spid=91929252,,1.0,dodoi,110000.0
132,Set Áo váy đôi sơ mi xẻ tà mềm mịn cao cấp đi tiệc dạo phố - CoupleTina,299000,https://tiki.vn/set-ao-vay-doi-so-mi-xe-ta-mem-min-cao-cap-di-tiec-dao-pho-coupletina-p72543332.html?spid=72543336,,2.0,dodoi,598000.0
133,Bộ Áo Thun Đôi Nam Nữ A169,159000,https://tiki.vn/bo-ao-thun-doi-nam-nu-a169-p11675498.html?spid=11675561,,2.0,dodoi,318000.0
134,Bộ Áo Thun Đôi Chữ Love Đỏ Nam Nữ,270000,https://tiki.vn/bo-ao-thun-doi-chu-love-do-nam-nu-p10862083.html?spid=10862109,,1.0,dodoi,270000.0
135,Bộ Áo Thun Đôi Nhịp Tim Yêu Màu Trắng Nam Nữ S,270000,https://tiki.vn/bo-ao-thun-doi-nhip-tim-yeu-mau-trang-nam-nu-p10862412.html?spid=10862428,,2.0,dodoi,540000.0
136,Bộ Áo Thun Đôi Quan Trọng Là Thần Thái Màu Trắng Nam Nữ,270000,https://tiki.vn/bo-ao-thun-doi-quan-trong-la-than-thai-mau-trang-nam-nu-p10859869.html?spid=10859897,,2.0,dodoi,540000.0
137,Bộ Áo Thun Đôi Nam Nữ A2,159000,https://tiki.vn/bo-ao-thun-doi-nam-nu-a2-p11643733.html?spid=11643747,,1.0,dodoi,159000.0
138,Xe Ô Tô Đồ Chơi Địa Hình Quán Tính Chạy Đà Cho Trẻ Em Nhiều Màu Sắc,20000,https://tiki.vn/xe-o-to-do-choi-dia-hinh-quan-tinh-chay-da-cho-tre-em-nhieu-mau-sac-p203002287.html?spid=203002291,,7.0,dodoi,140000.0
139,Áo đôi: Váy rút nếp một bên nữ phong cách vs áo polo nam,290000,https://tiki.vn/ao-doi-vay-rut-nep-mot-ben-nu-phong-cach-vs-ao-polo-nam-p105337145.html?spid=105338570,,4.0,dodoi,1160000.0
140,Áo thun gia đình màu vàng chữ dễ thương thun mềm mịn dày dặn cổ tròn GD868VD DONGPHUCSG,49000,https://tiki.vn/ao-doi-gia-dinh-thun-cotton-mau-vang-gd868vd-p132126088.html?spid=132128482,,11.0,dodoi,539000.0
141,Áo thun hội nhóm độc đáo mẫu chơi trội là phải có hội màu trắng thun cotton mềm mịn ANL310 | SG,49000,https://tiki.vn/ao-thun-choi-troi-la-phai-co-hoi-thun-cotton-anl310-p132130955.html?spid=132131616,,6.0,dodoi,294000.0
142,Áo gia đình Happy time Đồng phục gia đình 3/4/5 người đi biển giá rẻ Thun cotton 4 chiều GD315BM2,25000,https://tiki.vn/ao-thun-gia-dinh-happy-time-co-nhieu-mau-thun-cotton-gd315bm2-p132137757.html?spid=132139934,,9.0,dodoi,225000.0
143,"ÁO NHÓM, ÁO GIA ĐÌNH Thu đông - NOEL,GIÁNG SINH",75000,https://tiki.vn/ao-nhom-gia-dinh-thu-dong-noel-giang-sinh-p105122683.html?spid=105122849,,3.0,dodoi,225000.0
144,Bộ Áo Thun Đôi Nam Nữ Màu Vàng A229,159000,https://tiki.vn/bo-ao-thun-doi-nam-nu-mau-vang-a229-p12247096.html?spid=12247150,,1.0,dodoi,159000.0
145,áo cặp - váy áo đôi nam nữ du lịch biển,299000,https://tiki.vn/ao-cap-vay-ao-doi-nam-nu-du-lich-bien-p90786432.html?spid=100451854,,3.0,dodoi,897000.0
146,Đồng phục gia đình 3/4/5 người giá rẻ Mẫu áo gia đình độc đáo ý nghĩa Thun cotton dày dặn GD331T | SG,25000,https://tiki.vn/ao-gia-dinh-y-nghia-thun-cotton-mau-trang-du-size-gd331t-p132139763.html?spid=132141858,,5.0,dodoi,125000.0
147,"Áo đôi áo cặp áo váy cặp đôi chụp cưới, đồ đôi nam nữ màu đỏ đô - đồ đôi VSM - AV165",299000,https://tiki.vn/ao-doi-ao-cap-freeship-ao-vay-cap-doi-chup-cuoi-do-doi-nam-nu-mau-do-do-do-doi-vsm-av165-p96240465.html?spid=100524497,,2.0,dodoi,598000.0
148,Áo Sơ Mi Cặp Đôi Nam Nữ Họa Tiết,99000,https://tiki.vn/ao-so-mi-cap-doi-nam-nu-hoa-tiet-p90414823.html?spid=90414918,,3.0,dodoi,297000.0
149,"combo 2 áo, Áo hoodie đôi, hoodie cặp, áo hoodie nam , áo hoodie nữ , áo khoác áo hoodie cặp đôi nam nữ mặc đều được",199000,https://tiki.vn/ao-hoodie-doi-hoodie-cap-ao-hoodie-nam-ao-hoodie-nu-ao-khoac-ao-hoodie-cap-doi-nam-nu-mac-deu-duoc-p75440076.html?spid=75440084,,8.0,dodoi,1592000.0
150,Áo váy đôi đi tiệc siêu xinh chất dày dặn Forever Couple,293000,https://tiki.vn/ao-vay-doi-di-tiec-sieu-xinh-chat-day-dan-forever-couple-p140822795.html?spid=263884902,,1.0,dodoi,293000.0
151,Áo gia đình 3/4/5 người đồ dồng phục gia đình I Love Family màu xanh lá thun dày dặn GD306XL DONGPHUCSG,49000,https://tiki.vn/ao-gia-dinh-3-4-5-nguoi-dong-phuc-gia-dinh-i-love-family-ao-doi-me-va-be-mau-xanh-la-gd306xl-p132122903.html?spid=132123049,,5.0,dodoi,245000.0
152,Áo gia đình nhỏ hạnh phúc to làm đồng phục gia đình 3/4/5 người thun cotton dày dặn màu trắng GD301T | DONGPHUCSG,49000,https://tiki.vn/ao-gia-dinh-nho-hanh-phuc-to-thun-cotton-du-size-gd301t-p132136401.html?spid=132137228,,26.0,dodoi,1274000.0
153,Đồ gia đình . Áo đôi . Áo Polo Đồng Phục,80000,https://tiki.vn/do-gia-dinh-ao-doi-ao-polo-dong-phuc-p207328253.html?spid=207328362,,7.0,dodoi,560000.0
154,Bộ Áo Thun Đôi Nam Nữ A85,159000,https://tiki.vn/bo-ao-thun-doi-nam-nu-a85-p11557944.html?spid=11557986,,2.0,dodoi,318000.0
155,Bộ Áo Thun Đôi Hình Trái Tim Màu Trắng Nam Nữ,225000,https://tiki.vn/bo-ao-thun-doi-hinh-trai-tim-mau-trang-nam-nu-p10940936.html?spid=10940960,,1.0,dodoi,225000.0
156,"combo 2 áo, Áo hoodie đôi, hoodie cặp, áo hoodie nam , áo hoodie nữ , áo khoác áo hoodie cặp đôi nam nữ mặc đều được",190000,https://tiki.vn/combo-2-ao-ao-hoodie-doi-hoodie-cap-ao-hoodie-nam-ao-hoodie-nu-ao-khoac-ao-hoodie-cap-doi-nam-nu-mac-deu-duoc-p74595957.html?spid=74595958,,8.0,dodoi,1520000.0
157,"Áo Thun cặp Nam-Nữ in hình mèo cực dễ thương , thích hợp cho các cặp đôi trẻ trung, năng động, cho các nhóm bạn đi đêm, đi phượt, bão, nhìn đã mắt, bao ngầu, bao chất",40000,https://tiki.vn/ao-thun-cap-nam-nu-in-hinh-meo-cuc-de-thuong-thich-hop-cho-cac-cap-doi-tre-trung-nang-dong-cho-cac-nhom-ban-di-dem-di-phuot-bao-nhin-da-mat-bao-ngau-bao-chat-p75776895.html?spid=75776897,,4.0,dodoi,160000.0
158,"quần áo đi biển nhóm, trái cây màu vàng, quần áo đi biển trái cây đẹp nhất",124000,https://tiki.vn/quan-ao-di-bien-nhom-trai-cay-mau-vang-quan-ao-di-bien-trai-cay-dep-nhat-p90786953.html?spid=90788378,,7.0,dodoi,868000.0
159,ÁO GIA ĐÌNH CÓ CỔ chất liệu cotton co giãn tốt loại 1 cực kỳ hot trend (đủ màu đủ size),65000,https://tiki.vn/ao-gia-dinh-co-co-chat-lieu-cotton-co-gian-tot-loai-1-cuc-ky-hot-trend-du-mau-du-size-p207327340.html?spid=207327360,,10.0,dodoi,650000.0
160,Áo đôi áo cặp Áo đôi nam nữ đẹp Set váy sơ mi đôi màu trắng và vàng Hàn Quốc AV89,299000,https://tiki.vn/ao-doi-ao-cap-freeship-ao-doi-nam-nu-dep-set-vay-so-mi-doi-mau-trang-va-vang-han-quoc-av89-p96238393.html?spid=100546911,,1.0,dodoi,299000.0
161,Áo Sơ Mi Cặp Đôi In Chữ,180700,https://tiki.vn/ao-so-mi-cap-doi-in-chu-p91953057.html?spid=91953129,,2.0,dodoi,361400.0
162,Áo đôi nam nữ Set áo váy sơ mi cặp couple Hàn Quốc đi du lịch chụp hình cưới,299000,https://tiki.vn/ao-doi-nam-nu-set-ao-vay-so-mi-cap-couple-han-quoc-di-du-lich-chup-hinh-cuoi-p86263543.html?spid=86263555,,4.0,dodoi,1196000.0
163,"Áo Thun cặp Nam-Nữ in HÌNH 2 CON THỎ cực dễ thương , thích hợp cho các cặp đôi trẻ trung, năng động, cho các nhóm bạn đi đêm, đi phượt, bão, nhìn đã mắt, bao ngầu, bao chất",119000,https://tiki.vn/ao-thun-cap-nam-nu-in-hinh-2-con-tho-cuc-de-thuong-thich-hop-cho-cac-cap-doi-tre-trung-nang-dong-cho-cac-nhom-ban-di-dem-di-phuot-bao-nhin-da-mat-bao-ngau-bao-chat-p68887954.html?spid=76045707,,11.0,dodoi,1309000.0
164,Áo gia đình mẫu mickey Đồng phục gia đình 3/4/5 người Thun cotton dày dặn Màu trắng GD323T,49000,https://tiki.vn/ao-gia-dinh-con-gau-thun-cotton-du-size-gd323t-p132130627.html?spid=132130924,,3.0,dodoi,147000.0
165,Áo gia đình cầu vòng Đồng phục gia đình 3/4/5 người giá rẻ Thun cotton Màu thiên thanh GD321TT,49000,https://tiki.vn/ao-gia-dinh-cau-vong-thun-cotton-mau-thien-thanh-gd321tt-p132125782.html?spid=132125821,,7.0,dodoi,343000.0
166,Áo cặp đôi nam nữ đẹp sơ mi Hàn Quốc dáng dài Mẫu Mới nhất - Couple Tina,299000,https://tiki.vn/ao-cap-doi-nam-nu-dep-so-mi-han-quoc-dang-dai-mau-moi-nhat-couple-tina-p106893010.html?spid=106893018,,2.0,dodoi,598000.0
167,Vịt Leo Cầu Thang Đồ Chơi Cho Bé Phát Nhạc Và Đèn Ngộ Nghĩnh,20000,https://tiki.vn/vit-leo-cau-thang-do-choi-cho-be-phat-nhac-va-den-ngo-nghinh-p203774740.html?spid=203774746,,2.0,dodoi,40000.0
168,Đồ Chơi Con Vịt Đi Xe Máy Ngộ Nghĩnh Đáng Yêu Cho Bé Ấn Là Chạy,32000,https://tiki.vn/do-choi-con-vit-di-xe-may-ngo-nghinh-dang-yeu-cho-be-an-la-chay-p202495199.html?spid=202495201,,1.0,dodoi,32000.0
169,Áo và quần đôi đi biển ĐỦ SIZE (DDB13T),195000,https://tiki.vn/ao-va-quan-doi-di-bien-du-size-ddb13t-p95901057.html?spid=95904834,,3.0,dodoi,585000.0
170,Áo thun gia đình mẫu màu cam GD340 dễ thương đồ đồng phục độc đáo thun dày dặn DONGPHUCSG,25000,https://tiki.vn/ao-thun-gia-dinh-happy-family-cao-cap-mau-cam-gd340cn-p132139617.html?spid=132141140,,7.0,dodoi,175000.0
171,"áo gia đình con là tất cả , hàng đẹp,nhóm, thun mẹ là nhất bố là nhì",50000,https://tiki.vn/ao-gia-dinh-con-la-tat-ca-hang-dep-nhom-thun-me-la-nhat-bo-la-nhi-p126184564.html?spid=126186393,,3.0,dodoi,150000.0
172,[ĐỦ SIZE ĐỦ MÀU] Đồ bảo hộ y tế người lớn và trẻ em set RỜI và set LIỀN,49000,https://tiki.vn/du-size-du-mau-do-bao-ho-y-te-nguoi-lon-va-tre-em-set-roi-va-set-lien-p160290879.html?spid=160290907,,7.0,dodoi,343000.0
173,TẠP DỀ YẾM NHỰA CHỐNG THẤM NƯỚC,30000,https://tiki.vn/tap-de-yem-nhua-chong-tham-nuoc-p195236721.html?spid=195236730,,1.0,dodoi,30000.0
